# Blender 5.0.1
# www.blender.org
o Sphere
v 0.000000 1.000000 0.139324
v 0.000000 0.831470 -0.416247
v 0.000000 0.555570 -0.692146
v 0.000000 0.195090 -0.841462
v 0.000000 0.000000 -0.860676
v 0.000000 -0.195090 -0.841462
v 0.000000 -0.555570 -0.692146
v 0.000000 -1.000000 0.139324
v 0.038060 0.980785 -0.052018
v 0.074658 0.923880 -0.236007
v 0.108386 0.831470 -0.405572
v 0.137950 0.707107 -0.554196
v 0.162212 0.555570 -0.676170
v 0.180240 0.382683 -0.766804
v 0.191342 0.195090 -0.822616
v 0.195090 0.000000 -0.841462
v 0.191342 -0.195090 -0.822616
v 0.180240 -0.382683 -0.766804
v 0.162212 -0.555570 -0.676170
v 0.137950 -0.707107 -0.554196
v 0.108386 -0.831470 -0.405572
v 0.074658 -0.923880 -0.236007
v 0.038060 -0.980785 -0.052018
v 0.074658 0.980785 -0.040916
v 0.146447 0.923880 -0.214230
v 0.212608 0.831470 -0.373956
v 0.270598 0.707107 -0.513958
v 0.318190 0.555570 -0.628854
v 0.353553 0.382683 -0.714230
v 0.375330 0.195090 -0.766804
v 0.382683 0.000000 -0.784556
v 0.375330 -0.195090 -0.766804
v 0.353553 -0.382683 -0.714230
v 0.318190 -0.555570 -0.628854
v 0.270598 -0.707107 -0.513958
v 0.212608 -0.831470 -0.373956
v 0.146447 -0.923880 -0.214230
v 0.074658 -0.980785 -0.040916
v 0.108386 0.980785 -0.022888
v 0.212608 0.923880 -0.178866
v 0.308658 0.831470 -0.322616
v 0.392847 0.707107 -0.448614
v 0.461940 0.555570 -0.552018
v 0.513280 0.382683 -0.628854
v 0.544895 0.195090 -0.676170
v 0.555570 0.000000 -0.692146
v 0.544895 -0.195090 -0.676170
v 0.513280 -0.382683 -0.628854
v 0.461940 -0.555570 -0.552018
v 0.392847 -0.707107 -0.448614
v 0.308658 -0.831470 -0.322616
v 0.212608 -0.923880 -0.178866
v 0.108386 -0.980785 -0.022888
v 0.137950 0.980785 0.001374
v 0.270598 0.923880 -0.131274
v 0.392847 0.831470 -0.253524
v 0.500000 0.707107 -0.360676
v 0.587938 0.555570 -0.448614
v 0.653281 0.382683 -0.513958
v 0.693520 0.195090 -0.554196
v 0.707107 0.000000 -0.567783
v 0.693520 -0.195090 -0.554196
v 0.653281 -0.382683 -0.513958
v 0.587938 -0.555570 -0.448614
v 0.500000 -0.707107 -0.360676
v 0.392847 -0.831470 -0.253524
v 0.270598 -0.923880 -0.131274
v 0.137950 -0.980785 0.001374
v 0.162212 0.980785 0.030937
v 0.318190 0.923880 -0.073284
v 0.461940 0.831470 -0.169335
v 0.587938 0.707107 -0.253524
v 0.691342 0.555570 -0.322616
v 0.768178 0.382683 -0.373956
v 0.815493 0.195090 -0.405571
v 0.831470 0.000000 -0.416246
v 0.815493 -0.195090 -0.405571
v 0.768178 -0.382683 -0.373956
v 0.691342 -0.555570 -0.322616
v 0.587938 -0.707107 -0.253524
v 0.461940 -0.831470 -0.169335
v 0.318190 -0.923880 -0.073284
v 0.162212 -0.980785 0.030937
v 0.180240 0.980785 0.064666
v 0.353553 0.923880 -0.007123
v 0.513280 0.831470 -0.073284
v 0.653281 0.707107 -0.131274
v 0.768178 0.555570 -0.178866
v 0.853553 0.382683 -0.214230
v 0.906127 0.195090 -0.236007
v 0.923879 0.000000 -0.243360
v 0.906127 -0.195090 -0.236007
v 0.853553 -0.382683 -0.214230
v 0.768178 -0.555570 -0.178866
v 0.653281 -0.707107 -0.131274
v 0.513280 -0.831470 -0.073284
v 0.353553 -0.923880 -0.007123
v 0.180240 -0.980785 0.064666
v 0.191342 0.980785 0.101263
v 0.375330 0.923880 0.064666
v 0.544895 0.831470 0.030937
v 0.693520 0.707107 0.001374
v 0.815493 0.555570 -0.022888
v 0.906127 0.382683 -0.040916
v 0.961940 0.195090 -0.052018
v 0.980785 0.000000 -0.055767
v 0.961940 -0.195090 -0.052018
v 0.906127 -0.382683 -0.040916
v 0.815493 -0.555570 -0.022888
v 0.693520 -0.707107 0.001374
v 0.544895 -0.831470 0.030937
v 0.375330 -0.923880 0.064666
v 0.191342 -0.980785 0.101263
v 0.195090 0.980785 0.139324
v 0.382683 0.923880 0.139324
v 0.555570 0.831470 0.139324
v 0.707107 0.707107 0.139324
v 0.831469 0.555570 0.139324
v 0.923879 0.382683 0.139324
v 0.980785 0.195090 0.139324
v 1.000000 0.000000 0.139324
v 0.980785 -0.195090 0.139324
v 0.923879 -0.382683 0.139324
v 0.831469 -0.555570 0.139324
v 0.707107 -0.707107 0.139324
v 0.555570 -0.831470 0.139324
v 0.382683 -0.923880 0.139324
v 0.195090 -0.980785 0.139324
v 0.191342 0.980785 0.177384
v 0.375330 0.923880 0.213981
v 0.544895 0.831470 0.247710
v 0.693520 0.707107 0.277273
v 0.815493 0.555570 0.301535
v 0.906127 0.382683 0.319563
v 0.961940 0.195090 0.330665
v 0.980785 0.000000 0.334414
v 0.961940 -0.195090 0.330665
v 0.906127 -0.382683 0.319563
v 0.815493 -0.555570 0.301535
v 0.693520 -0.707107 0.277273
v 0.544895 -0.831470 0.247710
v 0.375330 -0.923880 0.213981
v 0.191342 -0.980785 0.177384
v 0.180240 0.980785 0.213981
v 0.353553 0.923880 0.285770
v 0.513280 0.831470 0.351931
v 0.653281 0.707107 0.409922
v 0.768178 0.555570 0.457513
v 0.853553 0.382683 0.492877
v 0.906127 0.195090 0.514654
v 0.923879 0.000000 0.522007
v 0.906127 -0.195090 0.514654
v 0.853553 -0.382683 0.492877
v 0.768178 -0.555570 0.457513
v 0.653281 -0.707107 0.409922
v 0.513280 -0.831470 0.351931
v 0.353553 -0.923880 0.285770
v 0.180240 -0.980785 0.213981
v 0.162212 0.980785 0.247710
v 0.318190 0.923880 0.351931
v 0.461940 0.831470 0.447982
v 0.587938 0.707107 0.532171
v 0.691341 0.555570 0.601263
v 0.768178 0.382683 0.652603
v 0.815493 0.195090 0.684219
v 0.831469 0.000000 0.694894
v 0.815493 -0.195090 0.684219
v 0.768178 -0.382683 0.652603
v 0.691341 -0.555570 0.601263
v 0.587938 -0.707107 0.532171
v 0.461940 -0.831470 0.447982
v 0.318190 -0.923880 0.351931
v 0.162212 -0.980785 0.247710
v 0.137950 0.980785 0.277273
v 0.270598 0.923880 0.409922
v 0.392847 0.831470 0.532171
v 0.500000 0.707107 0.639323
v 0.587938 0.555570 0.727261
v 0.653281 0.382683 0.792605
v 0.693520 0.195090 0.832843
v 0.707106 0.000000 0.846430
v 0.693520 -0.195090 0.832843
v 0.653281 -0.382683 0.792605
v 0.587938 -0.555570 0.727261
v 0.500000 -0.707107 0.639323
v 0.392847 -0.831470 0.532171
v 0.270598 -0.923880 0.409922
v 0.137950 -0.980785 0.277273
v 0.108386 0.980785 0.301535
v 0.212607 0.923880 0.457513
v 0.308658 0.831470 0.601263
v 0.392847 0.707107 0.727261
v 0.461940 0.555570 0.830665
v 0.513280 0.382683 0.907501
v 0.544895 0.195090 0.954817
v 0.555570 0.000000 0.970793
v 0.544895 -0.195090 0.954817
v 0.513280 -0.382683 0.907501
v 0.461940 -0.555570 0.830665
v 0.392847 -0.707107 0.727261
v 0.308658 -0.831470 0.601263
v 0.212607 -0.923880 0.457513
v 0.108386 -0.980785 0.301535
v 0.074658 0.980785 0.319563
v 0.146447 0.923880 0.492877
v 0.212607 0.831470 0.652603
v 0.270598 0.707107 0.792605
v 0.318189 0.555570 0.907501
v 0.353553 0.382683 0.992877
v 0.375330 0.195090 1.045451
v 0.382683 0.000000 1.063203
v 0.375330 -0.195090 1.045451
v 0.353553 -0.382683 0.992877
v 0.318189 -0.555570 0.907501
v 0.270598 -0.707107 0.792605
v 0.212607 -0.831470 0.652603
v 0.146447 -0.923880 0.492877
v 0.074658 -0.980785 0.319563
v 0.038060 0.980785 0.330665
v 0.074658 0.923880 0.514654
v 0.108386 0.831470 0.684218
v 0.137950 0.707107 0.832843
v 0.162212 0.555570 0.954816
v 0.180240 0.382683 1.045451
v 0.191342 0.195090 1.101263
v 0.195090 0.000000 1.120108
v 0.191342 -0.195090 1.101263
v 0.180240 -0.382683 1.045451
v 0.162212 -0.555570 0.954816
v 0.137950 -0.707107 0.832843
v 0.108386 -0.831470 0.684218
v 0.074658 -0.923880 0.514654
v 0.038060 -0.980785 0.330665
v -0.000000 0.980785 0.334414
v -0.000000 0.923880 0.522007
v -0.000000 0.831470 0.694893
v -0.000000 0.707107 0.846430
v -0.000000 0.555570 0.970793
v 0.000000 0.382683 1.063203
v -0.000000 0.195090 1.120108
v -0.000000 0.000000 1.139323
v -0.000000 -0.195090 1.120108
v 0.000000 -0.382683 1.063203
v -0.000000 -0.555570 0.970793
v -0.000000 -0.707107 0.846430
v -0.000000 -0.831470 0.694893
v -0.000000 -0.923880 0.522007
v -0.000000 -0.980785 0.334414
v -0.038060 0.980785 0.330665
v -0.074658 0.923880 0.514654
v -0.108386 0.831470 0.684218
v -0.137950 0.707107 0.832843
v -0.162212 0.555570 0.954816
v -0.180240 0.382683 1.045451
v -0.191342 0.195090 1.101263
v -0.195091 0.000000 1.120108
v -0.191342 -0.195090 1.101263
v -0.180240 -0.382683 1.045451
v -0.162212 -0.555570 0.954816
v -0.137950 -0.707107 0.832843
v -0.108386 -0.831470 0.684218
v -0.074658 -0.923880 0.514654
v -0.038060 -0.980785 0.330665
v -0.074658 0.980785 0.319563
v -0.146447 0.923880 0.492877
v -0.212608 0.831470 0.652603
v -0.270598 0.707107 0.792605
v -0.318190 0.555570 0.907501
v -0.353553 0.382683 0.992877
v -0.375330 0.195090 1.045451
v -0.382683 0.000000 1.063202
v -0.375330 -0.195090 1.045451
v -0.353553 -0.382683 0.992877
v -0.318190 -0.555570 0.907501
v -0.270598 -0.707107 0.792605
v -0.212608 -0.831470 0.652603
v -0.146447 -0.923880 0.492877
v -0.074658 -0.980785 0.319563
v -0.108386 0.980785 0.301535
v -0.212608 0.923880 0.457513
v -0.308658 0.831470 0.601263
v -0.392847 0.707107 0.727261
v -0.461940 0.555570 0.830665
v -0.513280 0.382683 0.907501
v -0.544895 0.195090 0.954816
v -0.555570 0.000000 0.970792
v -0.544895 -0.195090 0.954816
v -0.513280 -0.382683 0.907501
v -0.461940 -0.555570 0.830665
v -0.392847 -0.707107 0.727261
v -0.308658 -0.831470 0.601263
v -0.212608 -0.923880 0.457513
v -0.108386 -0.980785 0.301535
v -0.137950 0.980785 0.277273
v -0.270598 0.923880 0.409921
v -0.392847 0.831470 0.532171
v -0.500000 0.707107 0.639323
v -0.587938 0.555570 0.727261
v -0.653281 0.382683 0.792605
v -0.693520 0.195090 0.832843
v -0.707106 0.000000 0.846429
v -0.693520 -0.195090 0.832843
v -0.653281 -0.382683 0.792605
v -0.587938 -0.555570 0.727261
v -0.500000 -0.707107 0.639323
v -0.392847 -0.831470 0.532171
v -0.270598 -0.923880 0.409921
v -0.137950 -0.980785 0.277273
v -0.162212 0.980785 0.247710
v -0.318190 0.923880 0.351931
v -0.461940 0.831470 0.447982
v -0.587938 0.707107 0.532171
v -0.691341 0.555570 0.601263
v -0.768177 0.382683 0.652603
v -0.815493 0.195090 0.684218
v -0.831469 0.000000 0.694893
v -0.815493 -0.195090 0.684218
v -0.768177 -0.382683 0.652603
v -0.691341 -0.555570 0.601263
v -0.587938 -0.707107 0.532171
v -0.461940 -0.831470 0.447982
v -0.318190 -0.923880 0.351931
v -0.162212 -0.980785 0.247710
v -0.180240 0.980785 0.213981
v -0.353553 0.923880 0.285770
v -0.513280 0.831470 0.351931
v -0.653281 0.707107 0.409922
v -0.768177 0.555570 0.457513
v -0.853553 0.382683 0.492877
v -0.906127 0.195090 0.514653
v -0.923879 0.000000 0.522006
v -0.906127 -0.195090 0.514653
v -0.853553 -0.382683 0.492877
v -0.768177 -0.555570 0.457513
v -0.653281 -0.707107 0.409922
v -0.513280 -0.831470 0.351931
v -0.353553 -0.923880 0.285770
v -0.180240 -0.980785 0.213981
v -0.191342 0.980785 0.177384
v -0.375330 0.923880 0.213981
v -0.544895 0.831470 0.247710
v -0.693520 0.707107 0.277273
v -0.815493 0.555570 0.301535
v -0.906127 0.382683 0.319563
v -0.961939 0.195090 0.330665
v -0.980784 0.000000 0.334413
v -0.961939 -0.195090 0.330665
v -0.906127 -0.382683 0.319563
v -0.815493 -0.555570 0.301535
v -0.693520 -0.707107 0.277273
v -0.544895 -0.831470 0.247710
v -0.375330 -0.923880 0.213981
v -0.191342 -0.980785 0.177384
v -0.195090 0.980785 0.139324
v -0.382683 0.923880 0.139324
v -0.555570 0.831470 0.139323
v -0.707107 0.707107 0.139324
v -0.831469 0.555570 0.139323
v -0.923879 0.382683 0.139324
v -0.980785 0.195090 0.139323
v -0.999999 0.000000 0.139323
v -0.980785 -0.195090 0.139323
v -0.923879 -0.382683 0.139324
v -0.831469 -0.555570 0.139323
v -0.707107 -0.707107 0.139324
v -0.555570 -0.831470 0.139323
v -0.382683 -0.923880 0.139324
v -0.195090 -0.980785 0.139324
v -0.191342 0.980785 0.101263
v -0.375330 0.923880 0.064666
v -0.544895 0.831470 0.030937
v -0.693520 0.707107 0.001374
v -0.815493 0.555570 -0.022888
v -0.906127 0.382683 -0.040916
v -0.961939 0.195090 -0.052018
v -0.980784 0.000000 -0.055767
v -0.961939 -0.195090 -0.052018
v -0.906127 -0.382683 -0.040916
v -0.815493 -0.555570 -0.022888
v -0.693520 -0.707107 0.001374
v -0.544895 -0.831470 0.030937
v -0.375330 -0.923880 0.064666
v -0.191342 -0.980785 0.101263
v -0.180240 0.980785 0.064666
v -0.353553 0.923880 -0.007123
v -0.513279 0.831470 -0.073284
v -0.653281 0.707107 -0.131274
v -0.768177 0.555570 -0.178866
v -0.853553 0.382683 -0.214230
v -0.906127 0.195090 -0.236007
v -0.923878 0.000000 -0.243360
v -0.906127 -0.195090 -0.236007
v -0.853553 -0.382683 -0.214230
v -0.768177 -0.555570 -0.178866
v -0.653281 -0.707107 -0.131274
v -0.513279 -0.831470 -0.073284
v -0.353553 -0.923880 -0.007123
v -0.180240 -0.980785 0.064666
v -0.162212 0.980785 0.030937
v -0.318189 0.923880 -0.073284
v -0.461939 0.831470 -0.169335
v -0.587938 0.707107 -0.253524
v -0.691341 0.555570 -0.322616
v -0.768177 0.382683 -0.373956
v -0.815493 0.195090 -0.405571
v -0.831468 0.000000 -0.416247
v -0.815493 -0.195090 -0.405571
v -0.768177 -0.382683 -0.373956
v -0.691341 -0.555570 -0.322616
v -0.587938 -0.707107 -0.253524
v -0.461939 -0.831470 -0.169335
v -0.318189 -0.923880 -0.073284
v -0.162212 -0.980785 0.030937
v -0.137950 0.980785 0.001374
v -0.270598 0.923880 -0.131274
v -0.392847 0.831470 -0.253524
v -0.500000 0.707107 -0.360676
v -0.587937 0.555570 -0.448614
v -0.653281 0.382683 -0.513958
v -0.693519 0.195090 -0.554196
v -0.707106 0.000000 -0.567783
v -0.693519 -0.195090 -0.554196
v -0.653281 -0.382683 -0.513958
v -0.587937 -0.555570 -0.448614
v -0.500000 -0.707107 -0.360676
v -0.392847 -0.831470 -0.253524
v -0.270598 -0.923880 -0.131274
v -0.137950 -0.980785 0.001374
v -0.108386 0.980785 -0.022888
v -0.212607 0.923880 -0.178866
v -0.308658 0.831470 -0.322616
v -0.392847 0.707107 -0.448614
v -0.461939 0.555570 -0.552018
v -0.513280 0.382683 -0.628854
v -0.544895 0.195090 -0.676169
v -0.555569 0.000000 -0.692145
v -0.544895 -0.195090 -0.676169
v -0.513280 -0.382683 -0.628854
v -0.461939 -0.555570 -0.552018
v -0.392847 -0.707107 -0.448614
v -0.308658 -0.831470 -0.322616
v -0.212607 -0.923880 -0.178866
v -0.108386 -0.980785 -0.022888
v -0.074658 0.980785 -0.040916
v -0.146446 0.923880 -0.214230
v -0.212607 0.831470 -0.373956
v -0.270598 0.707107 -0.513958
v -0.318189 0.555570 -0.628854
v -0.353553 0.382683 -0.714229
v -0.375330 0.195090 -0.766803
v -0.382683 0.000000 -0.784555
v -0.375330 -0.195090 -0.766803
v -0.353553 -0.382683 -0.714229
v -0.318189 -0.555570 -0.628854
v -0.270598 -0.707107 -0.513958
v -0.212607 -0.831470 -0.373956
v -0.146446 -0.923880 -0.214230
v -0.074658 -0.980785 -0.040916
v -0.038060 0.980785 -0.052018
v -0.074658 0.923880 -0.236007
v -0.108386 0.831470 -0.405571
v -0.137950 0.707107 -0.554196
v -0.162211 0.555570 -0.676169
v -0.180240 0.382683 -0.766803
v -0.191341 0.195090 -0.822616
v -0.195090 0.000000 -0.841461
v -0.191341 -0.195090 -0.822616
v -0.180240 -0.382683 -0.766803
v -0.162211 -0.555570 -0.676169
v -0.137950 -0.707107 -0.554196
v -0.108386 -0.831470 -0.405571
v -0.074658 -0.923880 -0.236007
v -0.038060 -0.980785 -0.052018
v 0.000000 0.980785 -0.055767
v 0.000000 0.923880 -0.243360
v 0.000000 0.707107 -0.567783
v 0.000000 0.382683 -0.784555
v 0.000000 -0.382683 -0.784555
v 0.000000 -0.707107 -0.567783
v 0.000000 -0.831470 -0.416246
v 0.000000 -0.923880 -0.243360
v 0.000000 -0.980785 -0.055767
vn 0.0464 -0.8810 -0.4709
vn 0.0938 0.2890 -0.9527
vn 0.0286 -0.9565 -0.2902
vn 0.0975 0.0975 -0.9904
vn 0.0097 0.9951 -0.0980
vn 0.0097 -0.9951 -0.0980
vn 0.0975 -0.0976 -0.9904
vn 0.0286 0.9565 -0.2902
vn 0.0938 -0.2890 -0.9527
vn 0.0464 0.8810 -0.4709
vn 0.0865 -0.4696 -0.8786
vn 0.0624 0.7715 -0.6332
vn 0.0759 -0.6326 -0.7708
vn 0.0759 0.6326 -0.7708
vn 0.0624 -0.7715 -0.6332
vn 0.0865 0.4696 -0.8786
vn 0.1847 -0.7715 -0.6088
vn 0.2563 0.4696 -0.8448
vn 0.1374 -0.8810 -0.4528
vn 0.2779 0.2890 -0.9161
vn 0.0846 -0.9565 -0.2790
vn 0.2889 0.0976 -0.9524
vn 0.0286 0.9951 -0.0942
vn 0.0286 -0.9951 -0.0942
vn 0.2889 -0.0976 -0.9524
vn 0.0846 0.9565 -0.2790
vn 0.2779 -0.2890 -0.9161
vn 0.1374 0.8810 -0.4528
vn 0.2563 -0.4696 -0.8448
vn 0.1847 0.7715 -0.6088
vn 0.2248 -0.6326 -0.7412
vn 0.2248 0.6326 -0.7412
vn 0.1374 0.9565 -0.2571
vn 0.4513 -0.2890 -0.8443
vn 0.2231 0.8810 -0.4173
vn 0.4162 -0.4696 -0.7786
vn 0.2999 0.7715 -0.5611
vn 0.3651 -0.6326 -0.6831
vn 0.3651 0.6326 -0.6831
vn 0.2999 -0.7715 -0.5611
vn 0.4162 0.4696 -0.7786
vn 0.2230 -0.8810 -0.4173
vn 0.4513 0.2890 -0.8443
vn 0.1374 -0.9565 -0.2571
vn 0.4691 0.0975 -0.8777
vn 0.0464 0.9951 -0.0869
vn 0.0464 -0.9951 -0.0869
vn 0.4691 -0.0975 -0.8777
vn 0.5601 0.4696 -0.6825
vn 0.3002 -0.8810 -0.3658
vn 0.6073 0.2890 -0.7400
vn 0.1850 -0.9565 -0.2254
vn 0.6314 0.0975 -0.7693
vn 0.0625 0.9951 -0.0761
vn 0.0625 -0.9951 -0.0761
vn 0.6314 -0.0975 -0.7693
vn 0.1850 0.9565 -0.2254
vn 0.6073 -0.2890 -0.7400
vn 0.3002 0.8810 -0.3658
vn 0.5601 -0.4696 -0.6825
vn 0.4036 0.7715 -0.4918
vn 0.4913 -0.6326 -0.5987
vn 0.4913 0.6326 -0.5987
vn 0.4036 -0.7715 -0.4918
vn 0.7400 -0.2890 -0.6073
vn 0.3658 0.8810 -0.3002
vn 0.6825 -0.4696 -0.5601
vn 0.4918 0.7715 -0.4036
vn 0.5987 -0.6326 -0.4913
vn 0.5987 0.6326 -0.4913
vn 0.4918 -0.7715 -0.4036
vn 0.6825 0.4696 -0.5601
vn 0.3658 -0.8810 -0.3002
vn 0.7400 0.2890 -0.6073
vn 0.2254 -0.9566 -0.1850
vn 0.7693 0.0975 -0.6314
vn 0.0761 0.9951 -0.0625
vn 0.0761 -0.9951 -0.0625
vn 0.7693 -0.0975 -0.6314
vn 0.2254 0.9565 -0.1850
vn 0.4173 -0.8810 -0.2230
vn 0.8443 0.2890 -0.4513
vn 0.2571 -0.9565 -0.1374
vn 0.8777 0.0975 -0.4691
vn 0.0869 0.9951 -0.0464
vn 0.0869 -0.9951 -0.0464
vn 0.8777 -0.0975 -0.4691
vn 0.2571 0.9565 -0.1374
vn 0.8443 -0.2890 -0.4513
vn 0.4173 0.8810 -0.2230
vn 0.7786 -0.4696 -0.4162
vn 0.5611 0.7715 -0.2999
vn 0.6831 -0.6326 -0.3651
vn 0.6831 0.6326 -0.3651
vn 0.5611 -0.7715 -0.2999
vn 0.7786 0.4696 -0.4162
vn 0.8448 -0.4696 -0.2563
vn 0.6088 0.7715 -0.1847
vn 0.7412 -0.6326 -0.2248
vn 0.7412 0.6326 -0.2248
vn 0.6088 -0.7715 -0.1847
vn 0.8448 0.4696 -0.2563
vn 0.4528 -0.8810 -0.1374
vn 0.9161 0.2890 -0.2779
vn 0.2790 -0.9565 -0.0846
vn 0.9524 0.0975 -0.2889
vn 0.0942 0.9951 -0.0286
vn 0.0942 -0.9951 -0.0286
vn 0.9524 -0.0975 -0.2889
vn 0.2790 0.9565 -0.0846
vn 0.9161 -0.2890 -0.2779
vn 0.4528 0.8810 -0.1374
vn 0.2902 -0.9565 -0.0286
vn 0.9904 0.0975 -0.0975
vn 0.0980 0.9951 -0.0097
vn 0.0980 -0.9951 -0.0097
vn 0.9904 -0.0975 -0.0975
vn 0.2902 0.9565 -0.0286
vn 0.9527 -0.2890 -0.0938
vn 0.4709 0.8810 -0.0464
vn 0.8786 -0.4696 -0.0865
vn 0.6332 0.7715 -0.0624
vn 0.7708 -0.6326 -0.0759
vn 0.7708 0.6326 -0.0759
vn 0.6332 -0.7715 -0.0624
vn 0.8786 0.4696 -0.0865
vn 0.4709 -0.8810 -0.0464
vn 0.9527 0.2890 -0.0938
vn 0.6332 0.7715 0.0624
vn 0.7708 -0.6326 0.0759
vn 0.7708 0.6326 0.0759
vn 0.6332 -0.7715 0.0624
vn 0.8786 0.4696 0.0865
vn 0.4709 -0.8810 0.0464
vn 0.9527 0.2890 0.0938
vn 0.2902 -0.9565 0.0286
vn 0.9904 0.0975 0.0976
vn 0.0980 0.9951 0.0097
vn 0.0980 -0.9951 0.0097
vn 0.9904 -0.0975 0.0976
vn 0.2902 0.9565 0.0286
vn 0.9527 -0.2890 0.0938
vn 0.4709 0.8810 0.0464
vn 0.8786 -0.4696 0.0865
vn 0.9524 0.0975 0.2889
vn 0.0942 0.9951 0.0286
vn 0.0942 -0.9951 0.0286
vn 0.9524 -0.0975 0.2889
vn 0.2790 0.9565 0.0846
vn 0.9161 -0.2890 0.2779
vn 0.4528 0.8810 0.1374
vn 0.8448 -0.4696 0.2563
vn 0.6088 0.7715 0.1847
vn 0.7412 -0.6326 0.2248
vn 0.7412 0.6326 0.2248
vn 0.6088 -0.7715 0.1847
vn 0.8448 0.4696 0.2563
vn 0.4528 -0.8810 0.1374
vn 0.9161 0.2890 0.2779
vn 0.2790 -0.9565 0.0846
vn 0.6831 -0.6326 0.3651
vn 0.6831 0.6326 0.3651
vn 0.5611 -0.7715 0.2999
vn 0.7786 0.4696 0.4162
vn 0.4173 -0.8810 0.2230
vn 0.8443 0.2890 0.4513
vn 0.2571 -0.9565 0.1374
vn 0.8777 0.0975 0.4691
vn 0.0869 0.9951 0.0464
vn 0.0869 -0.9951 0.0464
vn 0.8777 -0.0975 0.4691
vn 0.2571 0.9565 0.1374
vn 0.8443 -0.2890 0.4513
vn 0.4173 0.8810 0.2231
vn 0.7786 -0.4696 0.4162
vn 0.5611 0.7715 0.2999
vn 0.0761 0.9951 0.0625
vn 0.0761 -0.9951 0.0625
vn 0.7693 -0.0975 0.6314
vn 0.2254 0.9565 0.1850
vn 0.7400 -0.2890 0.6073
vn 0.3658 0.8810 0.3002
vn 0.6825 -0.4696 0.5601
vn 0.4918 0.7715 0.4036
vn 0.5987 -0.6326 0.4913
vn 0.5987 0.6326 0.4913
vn 0.4918 -0.7715 0.4036
vn 0.6825 0.4696 0.5601
vn 0.3658 -0.8810 0.3002
vn 0.7400 0.2890 0.6073
vn 0.2254 -0.9565 0.1850
vn 0.7693 0.0975 0.6314
vn 0.4913 0.6326 0.5987
vn 0.4036 -0.7715 0.4918
vn 0.5601 0.4696 0.6825
vn 0.3002 -0.8810 0.3658
vn 0.6073 0.2890 0.7400
vn 0.1850 -0.9565 0.2254
vn 0.6314 0.0975 0.7693
vn 0.0625 0.9951 0.0761
vn 0.0625 -0.9951 0.0761
vn 0.6314 -0.0975 0.7693
vn 0.1850 0.9565 0.2254
vn 0.6073 -0.2890 0.7400
vn 0.3002 0.8810 0.3658
vn 0.5601 -0.4696 0.6825
vn 0.4036 0.7715 0.4918
vn 0.4913 -0.6326 0.5987
vn 0.4691 -0.0975 0.8777
vn 0.1374 0.9565 0.2571
vn 0.4513 -0.2890 0.8443
vn 0.2230 0.8810 0.4173
vn 0.4162 -0.4696 0.7786
vn 0.2999 0.7715 0.5611
vn 0.3651 -0.6326 0.6831
vn 0.3651 0.6326 0.6831
vn 0.2999 -0.7715 0.5611
vn 0.4162 0.4696 0.7786
vn 0.2230 -0.8810 0.4173
vn 0.4513 0.2890 0.8443
vn 0.1374 -0.9565 0.2571
vn 0.4691 0.0975 0.8777
vn 0.0464 0.9951 0.0869
vn 0.0464 -0.9951 0.0869
vn 0.1847 -0.7715 0.6088
vn 0.2563 0.4696 0.8448
vn 0.1374 -0.8810 0.4528
vn 0.2779 0.2890 0.9161
vn 0.0846 -0.9565 0.2790
vn 0.2889 0.0975 0.9524
vn 0.0286 0.9951 0.0942
vn 0.0286 -0.9951 0.0942
vn 0.2889 -0.0975 0.9524
vn 0.0846 0.9565 0.2790
vn 0.2779 -0.2890 0.9161
vn 0.1374 0.8810 0.4528
vn 0.2563 -0.4696 0.8448
vn 0.1847 0.7715 0.6088
vn 0.2248 -0.6326 0.7412
vn 0.2248 0.6326 0.7412
vn 0.0938 -0.2890 0.9527
vn 0.0464 0.8810 0.4709
vn 0.0865 -0.4696 0.8786
vn 0.0624 0.7715 0.6332
vn 0.0759 -0.6326 0.7708
vn 0.0759 0.6326 0.7708
vn 0.0624 -0.7715 0.6332
vn 0.0865 0.4696 0.8786
vn 0.0464 -0.8810 0.4709
vn 0.0938 0.2890 0.9527
vn 0.0286 -0.9565 0.2902
vn 0.0975 0.0975 0.9904
vn 0.0097 0.9951 0.0980
vn 0.0097 -0.9951 0.0980
vn 0.0975 -0.0975 0.9904
vn 0.0286 0.9565 0.2902
vn -0.0464 -0.8810 0.4709
vn -0.0938 0.2890 0.9527
vn -0.0286 -0.9565 0.2902
vn -0.0976 0.0975 0.9904
vn -0.0097 0.9951 0.0980
vn -0.0097 -0.9951 0.0980
vn -0.0975 -0.0975 0.9904
vn -0.0286 0.9565 0.2902
vn -0.0938 -0.2890 0.9527
vn -0.0464 0.8810 0.4709
vn -0.0865 -0.4696 0.8786
vn -0.0624 0.7715 0.6332
vn -0.0759 -0.6326 0.7708
vn -0.0759 0.6326 0.7708
vn -0.0624 -0.7715 0.6332
vn -0.0865 0.4696 0.8786
vn -0.1374 0.8810 0.4528
vn -0.2563 -0.4696 0.8448
vn -0.1847 0.7715 0.6088
vn -0.2248 -0.6326 0.7412
vn -0.2248 0.6326 0.7412
vn -0.1847 -0.7715 0.6088
vn -0.2563 0.4696 0.8448
vn -0.1374 -0.8810 0.4528
vn -0.2779 0.2890 0.9161
vn -0.0846 -0.9565 0.2790
vn -0.2889 0.0975 0.9524
vn -0.0286 0.9951 0.0942
vn -0.0286 -0.9951 0.0942
vn -0.2889 -0.0975 0.9524
vn -0.0846 0.9565 0.2790
vn -0.2779 -0.2890 0.9161
vn -0.4513 0.2890 0.8443
vn -0.1374 -0.9565 0.2571
vn -0.4691 0.0975 0.8777
vn -0.0464 0.9951 0.0869
vn -0.0464 -0.9951 0.0869
vn -0.4691 -0.0975 0.8777
vn -0.1374 0.9565 0.2571
vn -0.4513 -0.2890 0.8443
vn -0.2230 0.8810 0.4173
vn -0.4162 -0.4696 0.7786
vn -0.2999 0.7715 0.5611
vn -0.3651 -0.6326 0.6831
vn -0.3651 0.6326 0.6831
vn -0.2999 -0.7715 0.5611
vn -0.4162 0.4696 0.7786
vn -0.2230 -0.8810 0.4173
vn -0.5601 -0.4696 0.6825
vn -0.4036 0.7715 0.4918
vn -0.4913 -0.6326 0.5987
vn -0.4913 0.6326 0.5987
vn -0.4036 -0.7715 0.4918
vn -0.5601 0.4696 0.6825
vn -0.3002 -0.8810 0.3658
vn -0.6073 0.2890 0.7400
vn -0.1850 -0.9565 0.2254
vn -0.6314 0.0975 0.7693
vn -0.0625 0.9951 0.0761
vn -0.0625 -0.9951 0.0761
vn -0.6314 -0.0975 0.7693
vn -0.1850 0.9565 0.2254
vn -0.6073 -0.2890 0.7400
vn -0.3002 0.8810 0.3658
vn -0.2254 -0.9566 0.1850
vn -0.7693 0.0975 0.6314
vn -0.0761 0.9951 0.0625
vn -0.0761 -0.9951 0.0625
vn -0.7693 -0.0975 0.6314
vn -0.2254 0.9565 0.1850
vn -0.7400 -0.2890 0.6073
vn -0.3658 0.8810 0.3002
vn -0.6825 -0.4696 0.5601
vn -0.4918 0.7715 0.4036
vn -0.5987 -0.6326 0.4913
vn -0.5987 0.6326 0.4913
vn -0.4918 -0.7715 0.4036
vn -0.6825 0.4696 0.5601
vn -0.3658 -0.8810 0.3002
vn -0.7400 0.2890 0.6073
vn -0.5611 0.7715 0.2999
vn -0.6831 -0.6326 0.3651
vn -0.6831 0.6326 0.3651
vn -0.5611 -0.7715 0.2999
vn -0.7786 0.4696 0.4162
vn -0.4173 -0.8810 0.2231
vn -0.8443 0.2890 0.4513
vn -0.2571 -0.9565 0.1374
vn -0.8777 0.0975 0.4691
vn -0.0869 0.9951 0.0464
vn -0.0869 -0.9951 0.0464
vn -0.8777 -0.0975 0.4691
vn -0.2571 0.9565 0.1374
vn -0.8443 -0.2890 0.4513
vn -0.4173 0.8810 0.2230
vn -0.7786 -0.4696 0.4162
vn -0.9524 0.0975 0.2889
vn -0.0942 0.9951 0.0286
vn -0.0942 -0.9951 0.0286
vn -0.9524 -0.0975 0.2889
vn -0.2790 0.9565 0.0846
vn -0.9161 -0.2890 0.2779
vn -0.4528 0.8810 0.1374
vn -0.8448 -0.4696 0.2563
vn -0.6088 0.7715 0.1847
vn -0.7412 -0.6326 0.2248
vn -0.7412 0.6326 0.2248
vn -0.6088 -0.7715 0.1847
vn -0.8448 0.4696 0.2563
vn -0.4528 -0.8810 0.1374
vn -0.9161 0.2890 0.2779
vn -0.2790 -0.9565 0.0846
vn -0.7708 -0.6326 0.0759
vn -0.7708 0.6326 0.0759
vn -0.6332 -0.7715 0.0624
vn -0.8786 0.4696 0.0865
vn -0.4709 -0.8810 0.0464
vn -0.9527 0.2890 0.0938
vn -0.2902 -0.9565 0.0286
vn -0.9904 0.0975 0.0975
vn -0.0980 0.9951 0.0097
vn -0.0980 -0.9951 0.0097
vn -0.9904 -0.0975 0.0976
vn -0.2902 0.9565 0.0286
vn -0.9527 -0.2890 0.0938
vn -0.4709 0.8810 0.0464
vn -0.8786 -0.4696 0.0865
vn -0.6332 0.7715 0.0624
vn -0.0980 -0.9951 -0.0097
vn -0.9904 -0.0975 -0.0976
vn -0.2902 0.9565 -0.0286
vn -0.9527 -0.2890 -0.0938
vn -0.4709 0.8810 -0.0464
vn -0.8786 -0.4696 -0.0865
vn -0.6332 0.7715 -0.0624
vn -0.7708 -0.6326 -0.0759
vn -0.7708 0.6326 -0.0759
vn -0.6332 -0.7715 -0.0624
vn -0.8786 0.4696 -0.0865
vn -0.4709 -0.8810 -0.0464
vn -0.9527 0.2890 -0.0938
vn -0.2902 -0.9565 -0.0286
vn -0.9904 0.0975 -0.0975
vn -0.0980 0.9951 -0.0097
vn -0.6088 -0.7715 -0.1847
vn -0.8448 0.4696 -0.2563
vn -0.4528 -0.8810 -0.1374
vn -0.9161 0.2890 -0.2779
vn -0.2790 -0.9565 -0.0846
vn -0.9524 0.0975 -0.2889
vn -0.0942 0.9951 -0.0286
vn -0.0942 -0.9951 -0.0286
vn -0.9524 -0.0975 -0.2889
vn -0.2790 0.9565 -0.0846
vn -0.9161 -0.2890 -0.2779
vn -0.4528 0.8810 -0.1374
vn -0.8448 -0.4696 -0.2563
vn -0.6088 0.7715 -0.1847
vn -0.7412 -0.6326 -0.2248
vn -0.7412 0.6326 -0.2248
vn -0.2571 0.9565 -0.1374
vn -0.8443 -0.2890 -0.4513
vn -0.4173 0.8810 -0.2231
vn -0.7786 -0.4696 -0.4162
vn -0.5611 0.7715 -0.2999
vn -0.6831 -0.6326 -0.3651
vn -0.6831 0.6326 -0.3651
vn -0.5611 -0.7715 -0.2999
vn -0.7786 0.4696 -0.4162
vn -0.4173 -0.8810 -0.2231
vn -0.8443 0.2890 -0.4513
vn -0.2571 -0.9565 -0.1374
vn -0.8777 0.0975 -0.4691
vn -0.0869 0.9951 -0.0464
vn -0.0869 -0.9951 -0.0464
vn -0.8777 -0.0975 -0.4691
vn -0.6825 0.4696 -0.5601
vn -0.3658 -0.8810 -0.3002
vn -0.7400 0.2890 -0.6073
vn -0.2254 -0.9565 -0.1850
vn -0.7693 0.0975 -0.6314
vn -0.0761 0.9951 -0.0625
vn -0.0761 -0.9951 -0.0625
vn -0.7693 -0.0975 -0.6314
vn -0.2254 0.9565 -0.1850
vn -0.7400 -0.2890 -0.6073
vn -0.3658 0.8810 -0.3002
vn -0.6825 -0.4696 -0.5601
vn -0.4918 0.7715 -0.4036
vn -0.5987 -0.6326 -0.4913
vn -0.5987 0.6326 -0.4913
vn -0.4918 -0.7715 -0.4036
vn -0.6073 -0.2890 -0.7400
vn -0.3002 0.8810 -0.3658
vn -0.5601 -0.4696 -0.6825
vn -0.4036 0.7715 -0.4918
vn -0.4913 -0.6326 -0.5987
vn -0.4913 0.6326 -0.5987
vn -0.4036 -0.7715 -0.4918
vn -0.5601 0.4696 -0.6825
vn -0.3002 -0.8810 -0.3658
vn -0.6073 0.2890 -0.7400
vn -0.1850 -0.9565 -0.2254
vn -0.6314 0.0975 -0.7693
vn -0.0625 0.9951 -0.0761
vn -0.0625 -0.9951 -0.0761
vn -0.6314 -0.0975 -0.7693
vn -0.1850 0.9565 -0.2254
vn -0.2230 -0.8810 -0.4173
vn -0.4513 0.2890 -0.8443
vn -0.1374 -0.9565 -0.2571
vn -0.4691 0.0975 -0.8777
vn -0.0464 0.9951 -0.0869
vn -0.0464 -0.9951 -0.0869
vn -0.4691 -0.0975 -0.8777
vn -0.1374 0.9565 -0.2571
vn -0.4513 -0.2890 -0.8443
vn -0.2230 0.8810 -0.4173
vn -0.4162 -0.4696 -0.7786
vn -0.2999 0.7715 -0.5611
vn -0.3651 -0.6326 -0.6831
vn -0.3651 0.6326 -0.6831
vn -0.2999 -0.7715 -0.5611
vn -0.4162 0.4696 -0.7786
vn -0.1374 0.8810 -0.4528
vn -0.2563 -0.4696 -0.8448
vn -0.1847 0.7715 -0.6088
vn -0.2248 -0.6326 -0.7412
vn -0.2248 0.6326 -0.7412
vn -0.1847 -0.7715 -0.6088
vn -0.2563 0.4696 -0.8448
vn -0.1374 -0.8810 -0.4528
vn -0.2779 0.2890 -0.9161
vn -0.0846 -0.9565 -0.2790
vn -0.2889 0.0975 -0.9524
vn -0.0286 0.9951 -0.0942
vn -0.0286 -0.9951 -0.0942
vn -0.2889 -0.0975 -0.9524
vn -0.0846 0.9565 -0.2790
vn -0.2779 -0.2890 -0.9161
vn -0.0938 0.2890 -0.9527
vn -0.0286 -0.9565 -0.2902
vn -0.0976 0.0975 -0.9904
vn -0.0097 0.9951 -0.0980
vn -0.0097 -0.9951 -0.0980
vn -0.0976 -0.0975 -0.9904
vn -0.0286 0.9565 -0.2902
vn -0.0938 -0.2890 -0.9527
vn -0.0464 0.8810 -0.4709
vn -0.0865 -0.4696 -0.8786
vn -0.0624 0.7715 -0.6332
vn -0.0759 -0.6326 -0.7708
vn -0.0759 0.6326 -0.7708
vn -0.0624 -0.7715 -0.6332
vn -0.0865 0.4696 -0.8786
vn -0.0464 -0.8810 -0.4709
vn 0.0975 0.0976 -0.9904
vn 0.0975 -0.0975 -0.9904
vn 0.2230 0.8810 -0.4173
vn 0.2231 -0.8810 -0.4173
vn 0.2254 -0.9565 -0.1850
vn 0.4173 -0.8810 0.2231
vn 0.4173 0.8810 0.2230
vn 0.2231 -0.8810 0.4173
vn -0.0975 0.0975 0.9904
vn -0.0976 -0.0975 0.9904
vn -0.2231 0.8810 0.4173
vn -0.2231 -0.8810 0.4173
vn -0.2254 -0.9565 0.1850
vn -0.4173 -0.8810 0.2230
vn -0.9904 0.0975 0.0976
vn -0.9904 -0.0975 0.0975
vn -0.9904 -0.0975 -0.0975
vn -0.9904 0.0975 -0.0976
vt 0.750000 0.187500
vt 0.718750 0.125000
vt 0.750000 0.125000
vt 0.750000 0.562500
vt 0.718750 0.625000
vt 0.718750 0.562500
vt 0.718750 0.062500
vt 0.750000 0.062500
vt 0.718750 0.500000
vt 0.750000 0.500000
vt 0.750000 0.937500
vt 0.734375 1.000000
vt 0.718750 0.937500
vt 0.734375 0.000000
vt 0.718750 0.437500
vt 0.750000 0.437500
vt 0.750000 0.875000
vt 0.718750 0.875000
vt 0.718750 0.375000
vt 0.750000 0.375000
vt 0.750000 0.812500
vt 0.718750 0.812500
vt 0.718750 0.312500
vt 0.750000 0.312500
vt 0.750000 0.750000
vt 0.718750 0.750000
vt 0.718750 0.250000
vt 0.750000 0.250000
vt 0.750000 0.687500
vt 0.718750 0.687500
vt 0.718750 0.187500
vt 0.750000 0.625000
vt 0.687500 0.250000
vt 0.687500 0.187500
vt 0.687500 0.625000
vt 0.687500 0.125000
vt 0.687500 0.562500
vt 0.687500 0.062500
vt 0.687500 0.500000
vt 0.703125 1.000000
vt 0.687500 0.937500
vt 0.703125 0.000000
vt 0.687500 0.437500
vt 0.687500 0.875000
vt 0.687500 0.375000
vt 0.687500 0.812500
vt 0.687500 0.312500
vt 0.687500 0.750000
vt 0.687500 0.687500
vt 0.656250 0.875000
vt 0.656250 0.375000
vt 0.656250 0.812500
vt 0.656250 0.312500
vt 0.656250 0.750000
vt 0.656250 0.250000
vt 0.656250 0.687500
vt 0.656250 0.187500
vt 0.656250 0.625000
vt 0.656250 0.125000
vt 0.656250 0.562500
vt 0.656250 0.062500
vt 0.656250 0.500000
vt 0.671875 1.000000
vt 0.656250 0.937500
vt 0.671875 0.000000
vt 0.656250 0.437500
vt 0.625000 0.625000
vt 0.625000 0.125000
vt 0.625000 0.562500
vt 0.625000 0.062500
vt 0.625000 0.500000
vt 0.640625 1.000000
vt 0.625000 0.937500
vt 0.640625 0.000000
vt 0.625000 0.437500
vt 0.625000 0.875000
vt 0.625000 0.375000
vt 0.625000 0.812500
vt 0.625000 0.312500
vt 0.625000 0.750000
vt 0.625000 0.250000
vt 0.625000 0.687500
vt 0.625000 0.187500
vt 0.593750 0.375000
vt 0.593750 0.812500
vt 0.593750 0.312500
vt 0.593750 0.750000
vt 0.593750 0.250000
vt 0.593750 0.687500
vt 0.593750 0.187500
vt 0.593750 0.625000
vt 0.593750 0.125000
vt 0.593750 0.562500
vt 0.593750 0.062500
vt 0.593750 0.500000
vt 0.609375 1.000000
vt 0.593750 0.937500
vt 0.609375 0.000000
vt 0.593750 0.437500
vt 0.593750 0.875000
vt 0.562500 0.125000
vt 0.562500 0.625000
vt 0.562500 0.562500
vt 0.562500 0.062500
vt 0.562500 0.500000
vt 0.578125 1.000000
vt 0.562500 0.937500
vt 0.578125 0.000000
vt 0.562500 0.437500
vt 0.562500 0.875000
vt 0.562500 0.375000
vt 0.562500 0.812500
vt 0.562500 0.312500
vt 0.562500 0.750000
vt 0.562500 0.250000
vt 0.562500 0.687500
vt 0.562500 0.187500
vt 0.531250 0.375000
vt 0.531250 0.312500
vt 0.531250 0.750000
vt 0.531250 0.250000
vt 0.531250 0.687500
vt 0.531250 0.187500
vt 0.531250 0.625000
vt 0.531250 0.125000
vt 0.531250 0.562500
vt 0.531250 0.062500
vt 0.531250 0.500000
vt 0.546875 1.000000
vt 0.531250 0.937500
vt 0.546875 0.000000
vt 0.531250 0.437500
vt 0.531250 0.875000
vt 0.531250 0.812500
vt 0.500000 0.062500
vt 0.500000 0.562500
vt 0.500000 0.500000
vt 0.515625 1.000000
vt 0.500000 0.937500
vt 0.515625 0.000000
vt 0.500000 0.437500
vt 0.500000 0.875000
vt 0.500000 0.375000
vt 0.500000 0.812500
vt 0.500000 0.312500
vt 0.500000 0.750000
vt 0.500000 0.250000
vt 0.500000 0.687500
vt 0.500000 0.187500
vt 0.500000 0.625000
vt 0.500000 0.125000
vt 0.468750 0.750000
vt 0.468750 0.250000
vt 0.468750 0.687500
vt 0.468750 0.187500
vt 0.468750 0.625000
vt 0.468750 0.125000
vt 0.468750 0.562500
vt 0.468750 0.062500
vt 0.468750 0.500000
vt 0.484375 1.000000
vt 0.468750 0.937500
vt 0.484375 0.000000
vt 0.468750 0.437500
vt 0.468750 0.875000
vt 0.468750 0.375000
vt 0.468750 0.812500
vt 0.468750 0.312500
vt 0.437500 0.562500
vt 0.437500 0.500000
vt 0.453125 1.000000
vt 0.437500 0.937500
vt 0.453125 0.000000
vt 0.437500 0.062500
vt 0.437500 0.437500
vt 0.437500 0.875000
vt 0.437500 0.375000
vt 0.437500 0.812500
vt 0.437500 0.312500
vt 0.437500 0.750000
vt 0.437500 0.250000
vt 0.437500 0.687500
vt 0.437500 0.187500
vt 0.437500 0.625000
vt 0.437500 0.125000
vt 0.406250 0.250000
vt 0.406250 0.750000
vt 0.406250 0.687500
vt 0.406250 0.187500
vt 0.406250 0.625000
vt 0.406250 0.125000
vt 0.406250 0.562500
vt 0.406250 0.062500
vt 0.406250 0.500000
vt 0.421875 1.000000
vt 0.406250 0.937500
vt 0.421875 0.000000
vt 0.406250 0.437500
vt 0.406250 0.875000
vt 0.406250 0.375000
vt 0.406250 0.812500
vt 0.406250 0.312500
vt 0.390625 1.000000
vt 0.375000 0.937500
vt 0.390625 0.000000
vt 0.375000 0.062500
vt 0.375000 0.437500
vt 0.375000 0.875000
vt 0.375000 0.375000
vt 0.375000 0.812500
vt 0.375000 0.312500
vt 0.375000 0.750000
vt 0.375000 0.250000
vt 0.375000 0.687500
vt 0.375000 0.187500
vt 0.375000 0.625000
vt 0.375000 0.125000
vt 0.375000 0.562500
vt 0.375000 0.500000
vt 0.343750 0.750000
vt 0.343750 0.687500
vt 0.343750 0.250000
vt 0.343750 0.187500
vt 0.343750 0.625000
vt 0.343750 0.125000
vt 0.343750 0.562500
vt 0.343750 0.062500
vt 0.343750 0.500000
vt 0.359375 1.000000
vt 0.343750 0.937500
vt 0.359375 0.000000
vt 0.343750 0.437500
vt 0.343750 0.875000
vt 0.343750 0.375000
vt 0.343750 0.812500
vt 0.343750 0.312500
vt 0.312500 0.437500
vt 0.312500 0.875000
vt 0.312500 0.375000
vt 0.312500 0.812500
vt 0.312500 0.312500
vt 0.312500 0.750000
vt 0.312500 0.250000
vt 0.312500 0.687500
vt 0.312500 0.187500
vt 0.312500 0.625000
vt 0.312500 0.125000
vt 0.312500 0.562500
vt 0.312500 0.062500
vt 0.312500 0.500000
vt 0.328125 1.000000
vt 0.312500 0.937500
vt 0.328125 0.000000
vt 0.281250 0.250000
vt 0.281250 0.187500
vt 0.281250 0.625000
vt 0.281250 0.125000
vt 0.281250 0.562500
vt 0.281250 0.062500
vt 0.281250 0.500000
vt 0.296875 1.000000
vt 0.281250 0.937500
vt 0.296875 0.000000
vt 0.281250 0.437500
vt 0.281250 0.875000
vt 0.281250 0.375000
vt 0.281250 0.812500
vt 0.281250 0.312500
vt 0.281250 0.750000
vt 0.281250 0.687500
vt 0.250000 0.375000
vt 0.250000 0.875000
vt 0.250000 0.812500
vt 0.250000 0.312500
vt 0.250000 0.750000
vt 0.250000 0.250000
vt 0.250000 0.687500
vt 0.250000 0.187500
vt 0.250000 0.625000
vt 0.250000 0.125000
vt 0.250000 0.562500
vt 0.250000 0.062500
vt 0.250000 0.500000
vt 0.265625 1.000000
vt 0.250000 0.937500
vt 0.265625 0.000000
vt 0.250000 0.437500
vt 0.218750 0.125000
vt 0.218750 0.625000
vt 0.218750 0.562500
vt 0.218750 0.062500
vt 0.218750 0.500000
vt 0.234375 1.000000
vt 0.218750 0.937500
vt 0.234375 0.000000
vt 0.218750 0.437500
vt 0.218750 0.875000
vt 0.218750 0.375000
vt 0.218750 0.812500
vt 0.218750 0.312500
vt 0.218750 0.750000
vt 0.218750 0.250000
vt 0.218750 0.687500
vt 0.218750 0.187500
vt 0.187500 0.812500
vt 0.187500 0.375000
vt 0.187500 0.312500
vt 0.187500 0.750000
vt 0.187500 0.250000
vt 0.187500 0.687500
vt 0.187500 0.187500
vt 0.187500 0.625000
vt 0.187500 0.125000
vt 0.187500 0.562500
vt 0.187500 0.062500
vt 0.187500 0.500000
vt 0.203125 1.000000
vt 0.187500 0.937500
vt 0.203125 0.000000
vt 0.187500 0.437500
vt 0.187500 0.875000
vt 0.156250 0.625000
vt 0.156250 0.562500
vt 0.156250 0.125000
vt 0.156250 0.062500
vt 0.156250 0.500000
vt 0.171875 1.000000
vt 0.156250 0.937500
vt 0.171875 0.000000
vt 0.156250 0.437500
vt 0.156250 0.875000
vt 0.156250 0.375000
vt 0.156250 0.812500
vt 0.156250 0.312500
vt 0.156250 0.750000
vt 0.156250 0.250000
vt 0.156250 0.687500
vt 0.156250 0.187500
vt 0.125000 0.375000
vt 0.125000 0.312500
vt 0.125000 0.750000
vt 0.125000 0.250000
vt 0.125000 0.687500
vt 0.125000 0.187500
vt 0.125000 0.625000
vt 0.125000 0.125000
vt 0.125000 0.562500
vt 0.125000 0.062500
vt 0.125000 0.500000
vt 0.140625 1.000000
vt 0.125000 0.937500
vt 0.140625 0.000000
vt 0.125000 0.437500
vt 0.125000 0.875000
vt 0.125000 0.812500
vt 0.093750 0.062500
vt 0.093750 0.562500
vt 0.093750 0.500000
vt 0.109375 1.000000
vt 0.093750 0.937500
vt 0.109375 0.000000
vt 0.093750 0.437500
vt 0.093750 0.875000
vt 0.093750 0.375000
vt 0.093750 0.812500
vt 0.093750 0.312500
vt 0.093750 0.750000
vt 0.093750 0.250000
vt 0.093750 0.687500
vt 0.093750 0.187500
vt 0.093750 0.625000
vt 0.093750 0.125000
vt 0.062500 0.750000
vt 0.062500 0.250000
vt 0.062500 0.687500
vt 0.062500 0.187500
vt 0.062500 0.625000
vt 0.062500 0.125000
vt 0.062500 0.562500
vt 0.062500 0.062500
vt 0.062500 0.500000
vt 0.078125 1.000000
vt 0.062500 0.937500
vt 0.078125 0.000000
vt 0.062500 0.437500
vt 0.062500 0.875000
vt 0.062500 0.375000
vt 0.062500 0.812500
vt 0.062500 0.312500
vt 0.031250 0.562500
vt 0.031250 0.500000
vt 0.046875 1.000000
vt 0.031250 0.937500
vt 0.046875 0.000000
vt 0.031250 0.062500
vt 0.031250 0.437500
vt 0.031250 0.875000
vt 0.031250 0.375000
vt 0.031250 0.812500
vt 0.031250 0.312500
vt 0.031250 0.750000
vt 0.031250 0.250000
vt 0.031250 0.687500
vt 0.031250 0.187500
vt 0.031250 0.625000
vt 0.031250 0.125000
vt 0.000000 0.250000
vt 0.000000 0.750000
vt 0.000000 0.687500
vt 0.000000 0.187500
vt 0.000000 0.625000
vt 0.000000 0.125000
vt 0.000000 0.562500
vt 0.000000 0.062500
vt 0.000000 0.500000
vt 0.015625 1.000000
vt 0.000000 0.937500
vt 0.015625 0.000000
vt 0.000000 0.437500
vt 0.000000 0.875000
vt 0.000000 0.375000
vt 0.000000 0.812500
vt 0.000000 0.312500
vt 0.984375 0.000000
vt 1.000000 0.062500
vt 0.968750 0.062500
vt 1.000000 0.500000
vt 0.968750 0.437500
vt 1.000000 0.437500
vt 1.000000 0.937500
vt 0.968750 0.875000
vt 1.000000 0.875000
vt 0.968750 0.375000
vt 1.000000 0.375000
vt 1.000000 0.812500
vt 0.968750 0.812500
vt 1.000000 0.312500
vt 0.968750 0.312500
vt 0.968750 0.750000
vt 1.000000 0.750000
vt 0.968750 0.250000
vt 1.000000 0.250000
vt 1.000000 0.687500
vt 0.968750 0.687500
vt 1.000000 0.187500
vt 0.968750 0.187500
vt 0.968750 0.625000
vt 1.000000 0.625000
vt 0.968750 0.125000
vt 1.000000 0.125000
vt 1.000000 0.562500
vt 0.968750 0.562500
vt 0.968750 0.500000
vt 0.984375 1.000000
vt 0.968750 0.937500
vt 0.937500 0.250000
vt 0.937500 0.187500
vt 0.937500 0.625000
vt 0.937500 0.125000
vt 0.937500 0.562500
vt 0.937500 0.062500
vt 0.937500 0.500000
vt 0.953125 1.000000
vt 0.937500 0.937500
vt 0.953125 0.000000
vt 0.937500 0.437500
vt 0.937500 0.875000
vt 0.937500 0.375000
vt 0.937500 0.812500
vt 0.937500 0.312500
vt 0.937500 0.750000
vt 0.937500 0.687500
vt 0.906250 0.937500
vt 0.906250 0.875000
vt 0.906250 0.375000
vt 0.906250 0.812500
vt 0.906250 0.312500
vt 0.906250 0.750000
vt 0.906250 0.250000
vt 0.906250 0.687500
vt 0.906250 0.187500
vt 0.906250 0.625000
vt 0.906250 0.125000
vt 0.906250 0.562500
vt 0.906250 0.062500
vt 0.906250 0.500000
vt 0.921875 1.000000
vt 0.921875 0.000000
vt 0.906250 0.437500
vt 0.875000 0.625000
vt 0.875000 0.125000
vt 0.875000 0.562500
vt 0.875000 0.062500
vt 0.875000 0.500000
vt 0.890625 1.000000
vt 0.875000 0.937500
vt 0.890625 0.000000
vt 0.875000 0.437500
vt 0.875000 0.875000
vt 0.875000 0.375000
vt 0.875000 0.812500
vt 0.875000 0.312500
vt 0.875000 0.750000
vt 0.875000 0.250000
vt 0.875000 0.687500
vt 0.875000 0.187500
vt 0.843750 0.375000
vt 0.843750 0.875000
vt 0.843750 0.812500
vt 0.843750 0.312500
vt 0.843750 0.750000
vt 0.843750 0.250000
vt 0.843750 0.687500
vt 0.843750 0.187500
vt 0.843750 0.625000
vt 0.843750 0.125000
vt 0.843750 0.562500
vt 0.843750 0.062500
vt 0.843750 0.500000
vt 0.859375 1.000000
vt 0.843750 0.937500
vt 0.859375 0.000000
vt 0.843750 0.437500
vt 0.812500 0.125000
vt 0.812500 0.625000
vt 0.812500 0.562500
vt 0.812500 0.062500
vt 0.812500 0.500000
vt 0.828125 1.000000
vt 0.812500 0.937500
vt 0.828125 0.000000
vt 0.812500 0.437500
vt 0.812500 0.875000
vt 0.812500 0.375000
vt 0.812500 0.812500
vt 0.812500 0.312500
vt 0.812500 0.750000
vt 0.812500 0.250000
vt 0.812500 0.687500
vt 0.812500 0.187500
vt 0.781250 0.875000
vt 0.781250 0.812500
vt 0.781250 0.375000
vt 0.781250 0.312500
vt 0.781250 0.750000
vt 0.781250 0.250000
vt 0.781250 0.687500
vt 0.781250 0.187500
vt 0.781250 0.625000
vt 0.781250 0.125000
vt 0.781250 0.562500
vt 0.781250 0.062500
vt 0.781250 0.500000
vt 0.796875 1.000000
vt 0.781250 0.937500
vt 0.796875 0.000000
vt 0.781250 0.437500
vt 0.765625 1.000000
vt 0.765625 0.000000
s 0
f 480/1/1 22/2/1 481/3/1
f 4/4/2 14/5/2 15/6/2
f 481/3/3 23/7/3 482/8/3
f 4/4/4 16/9/4 5/10/4
f 474/11/5 1/12/5 9/13/5
f 8/14/6 482/8/6 23/7/6
f 5/10/7 17/15/7 6/16/7
f 475/17/8 9/13/8 10/18/8
f 6/16/9 18/19/9 478/20/9
f 2/21/10 10/18/10 11/22/10
f 478/20/11 19/23/11 7/24/11
f 476/25/12 11/22/12 12/26/12
f 7/24/13 20/27/13 479/28/13
f 3/29/14 12/26/14 13/30/14
f 479/28/15 21/31/15 480/1/15
f 477/32/16 13/30/16 14/5/16
f 21/31/17 35/33/17 36/34/17
f 13/30/18 29/35/18 14/5/18
f 22/2/19 36/34/19 37/36/19
f 15/6/20 29/35/20 30/37/20
f 22/2/21 38/38/21 23/7/21
f 15/6/22 31/39/22 16/9/22
f 9/13/23 1/40/23 24/41/23
f 8/42/24 23/7/24 38/38/24
f 16/9/25 32/43/25 17/15/25
f 9/13/26 25/44/26 10/18/26
f 17/15/27 33/45/27 18/19/27
f 10/18/28 26/46/28 11/22/28
f 18/19/29 34/47/29 19/23/29
f 11/22/30 27/48/30 12/26/30
f 19/23/31 35/33/31 20/27/31
f 12/26/32 28/49/32 13/30/32
f 24/41/33 40/50/33 25/44/33
f 32/43/34 48/51/34 33/45/34
f 25/44/35 41/52/35 26/46/35
f 34/47/36 48/51/36 49/53/36
f 26/46/37 42/54/37 27/48/37
f 35/33/38 49/53/38 50/55/38
f 27/48/39 43/56/39 28/49/39
f 36/34/40 50/55/40 51/57/40
f 28/49/41 44/58/41 29/35/41
f 36/34/42 52/59/42 37/36/42
f 29/35/43 45/60/43 30/37/43
f 37/36/44 53/61/44 38/38/44
f 30/37/45 46/62/45 31/39/45
f 24/41/46 1/63/46 39/64/46
f 8/65/47 38/38/47 53/61/47
f 32/43/48 46/62/48 47/66/48
f 43/56/49 59/67/49 44/58/49
f 51/57/50 67/68/50 52/59/50
f 45/60/51 59/67/51 60/69/51
f 52/59/52 68/70/52 53/61/52
f 46/62/53 60/69/53 61/71/53
f 39/64/54 1/72/54 54/73/54
f 8/74/55 53/61/55 68/70/55
f 46/62/56 62/75/56 47/66/56
f 39/64/57 55/76/57 40/50/57
f 47/66/58 63/77/58 48/51/58
f 40/50/59 56/78/59 41/52/59
f 49/53/60 63/77/60 64/79/60
f 41/52/61 57/80/61 42/54/61
f 49/53/62 65/81/62 50/55/62
f 42/54/63 58/82/63 43/56/63
f 50/55/64 66/83/64 51/57/64
f 62/75/65 78/84/65 63/77/65
f 55/76/66 71/85/66 56/78/66
f 64/79/67 78/84/67 79/86/67
f 56/78/68 72/87/68 57/80/68
f 64/79/69 80/88/69 65/81/69
f 58/82/70 72/87/70 73/89/70
f 65/81/71 81/90/71 66/83/71
f 58/82/72 74/91/72 59/67/72
f 67/68/73 81/90/73 82/92/73
f 60/69/74 74/91/74 75/93/74
f 67/68/75 83/94/75 68/70/75
f 61/71/76 75/93/76 76/95/76
f 54/73/77 1/96/77 69/97/77
f 8/98/78 68/70/78 83/94/78
f 61/71/79 77/99/79 62/75/79
f 54/73/80 70/100/80 55/76/80
f 81/90/81 97/101/81 82/92/81
f 75/93/82 89/102/82 90/103/82
f 83/94/83 97/101/83 98/104/83
f 76/95/84 90/103/84 91/105/84
f 69/97/85 1/106/85 84/107/85
f 8/108/86 83/94/86 98/104/86
f 76/95/87 92/109/87 77/99/87
f 69/97/88 85/110/88 70/100/88
f 77/99/89 93/111/89 78/84/89
f 70/100/90 86/112/90 71/85/90
f 79/86/91 93/111/91 94/113/91
f 71/85/92 87/114/92 72/87/92
f 79/86/93 95/115/93 80/88/93
f 73/89/94 87/114/94 88/116/94
f 80/88/95 96/117/95 81/90/95
f 73/89/96 89/102/96 74/91/96
f 94/113/97 108/118/97 109/119/97
f 86/112/98 102/120/98 87/114/98
f 94/113/99 110/121/99 95/115/99
f 88/116/100 102/120/100 103/122/100
f 96/117/101 110/121/101 111/123/101
f 88/116/102 104/124/102 89/102/102
f 97/101/103 111/123/103 112/125/103
f 90/103/104 104/124/104 105/126/104
f 97/101/105 113/127/105 98/104/105
f 91/105/106 105/126/106 106/128/106
f 84/107/107 1/129/107 99/130/107
f 8/131/108 98/104/108 113/127/108
f 91/105/109 107/132/109 92/109/109
f 85/110/110 99/130/110 100/133/110
f 92/109/111 108/118/111 93/111/111
f 85/110/112 101/134/112 86/112/112
f 112/125/113 128/135/113 113/127/113
f 106/128/114 120/136/114 121/137/114
f 99/130/115 1/138/115 114/139/115
f 8/140/116 113/127/116 128/135/116
f 106/128/117 122/141/117 107/132/117
f 100/133/118 114/139/118 115/142/118
f 107/132/119 123/143/119 108/118/119
f 100/133/120 116/144/120 101/134/120
f 109/119/121 123/143/121 124/145/121
f 101/134/122 117/146/122 102/120/122
f 109/119/123 125/147/123 110/121/123
f 103/122/124 117/146/124 118/148/124
f 111/123/125 125/147/125 126/149/125
f 103/122/126 119/150/126 104/124/126
f 111/123/127 127/151/127 112/125/127
f 105/126/128 119/150/128 120/136/128
f 116/144/129 132/152/129 117/146/129
f 124/145/130 140/153/130 125/147/130
f 118/148/131 132/152/131 133/154/131
f 126/149/132 140/153/132 141/155/132
f 118/148/133 134/156/133 119/150/133
f 126/149/134 142/157/134 127/151/134
f 120/136/135 134/156/135 135/158/135
f 127/151/136 143/159/136 128/135/136
f 121/137/137 135/158/137 136/160/137
f 114/139/138 1/161/138 129/162/138
f 8/163/139 128/135/139 143/159/139
f 121/137/140 137/164/140 122/141/140
f 114/139/141 130/165/141 115/142/141
f 122/141/142 138/166/142 123/143/142
f 115/142/143 131/167/143 116/144/143
f 124/145/144 138/166/144 139/168/144
f 136/160/145 150/169/145 151/170/145
f 129/162/146 1/171/146 144/172/146
f 8/173/147 143/159/147 158/174/147
f 136/160/148 152/175/148 137/164/148
f 129/162/149 145/176/149 130/165/149
f 137/164/150 153/177/150 138/166/150
f 131/167/151 145/176/151 146/178/151
f 139/168/152 153/177/152 154/179/152
f 131/167/153 147/180/153 132/152/153
f 139/168/154 155/181/154 140/153/154
f 133/154/155 147/180/155 148/182/155
f 141/155/156 155/181/156 156/183/156
f 133/154/157 149/184/157 134/156/157
f 141/155/158 157/185/158 142/157/158
f 135/158/159 149/184/159 150/169/159
f 143/159/160 157/185/160 158/174/160
f 154/179/161 170/186/161 155/181/161
f 148/182/162 162/187/162 163/188/162
f 156/183/163 170/186/163 171/189/163
f 148/182/164 164/190/164 149/184/164
f 156/183/165 172/191/165 157/185/165
f 150/169/166 164/190/166 165/192/166
f 157/185/167 173/193/167 158/174/167
f 151/170/168 165/192/168 166/194/168
f 144/172/169 1/195/169 159/196/169
f 8/197/170 158/174/170 173/193/170
f 151/170/171 167/198/171 152/175/171
f 144/172/172 160/199/172 145/176/172
f 152/175/173 168/200/173 153/177/173
f 146/178/174 160/199/174 161/201/174
f 154/179/175 168/200/175 169/202/175
f 146/178/176 162/187/176 147/180/176
f 159/196/177 1/203/177 174/204/177
f 8/205/178 173/193/178 188/206/178
f 166/194/179 182/207/179 167/198/179
f 159/196/180 175/208/180 160/199/180
f 167/198/181 183/209/181 168/200/181
f 160/199/182 176/210/182 161/201/182
f 169/202/183 183/209/183 184/211/183
f 161/201/184 177/212/184 162/187/184
f 169/202/185 185/213/185 170/186/185
f 163/188/186 177/212/186 178/214/186
f 170/186/187 186/215/187 171/189/187
f 163/188/188 179/216/188 164/190/188
f 172/191/189 186/215/189 187/217/189
f 165/192/190 179/216/190 180/218/190
f 173/193/191 187/217/191 188/206/191
f 166/194/192 180/218/192 181/219/192
f 178/214/193 192/220/193 193/221/193
f 186/215/194 200/222/194 201/223/194
f 178/214/195 194/224/195 179/216/195
f 186/215/196 202/225/196 187/217/196
f 180/218/197 194/224/197 195/226/197
f 187/217/198 203/227/198 188/206/198
f 181/219/199 195/226/199 196/228/199
f 174/204/200 1/229/200 189/230/200
f 8/231/201 188/206/201 203/227/201
f 181/219/202 197/232/202 182/207/202
f 175/208/203 189/230/203 190/233/203
f 182/207/204 198/234/204 183/209/204
f 176/210/205 190/233/205 191/235/205
f 184/211/206 198/234/206 199/236/206
f 176/210/207 192/220/207 177/212/207
f 184/211/208 200/222/208 185/213/208
f 196/228/209 212/237/209 197/232/209
f 189/230/210 205/238/210 190/233/210
f 197/232/211 213/239/211 198/234/211
f 190/233/212 206/240/212 191/235/212
f 199/236/213 213/239/213 214/241/213
f 191/235/214 207/242/214 192/220/214
f 199/236/215 215/243/215 200/222/215
f 193/221/216 207/242/216 208/244/216
f 201/223/217 215/243/217 216/245/217
f 193/221/218 209/246/218 194/224/218
f 201/223/219 217/247/219 202/225/219
f 195/226/220 209/246/220 210/248/220
f 202/225/221 218/249/221 203/227/221
f 196/228/222 210/248/222 211/250/222
f 189/230/223 1/251/223 204/252/223
f 8/253/224 203/227/224 218/249/224
f 216/245/225 230/254/225 231/255/225
f 208/244/226 224/256/226 209/246/226
f 216/245/227 232/257/227 217/247/227
f 210/248/228 224/256/228 225/258/228
f 217/247/229 233/259/229 218/249/229
f 211/250/230 225/258/230 226/260/230
f 204/252/231 1/261/231 219/262/231
f 8/263/232 218/249/232 233/259/232
f 211/250/233 227/264/233 212/237/233
f 204/252/234 220/265/234 205/238/234
f 212/237/235 228/266/235 213/239/235
f 205/238/236 221/267/236 206/240/236
f 214/241/237 228/266/237 229/268/237
f 206/240/238 222/269/238 207/242/238
f 214/241/239 230/254/239 215/243/239
f 208/244/240 222/269/240 223/270/240
f 227/264/241 243/271/241 228/266/241
f 221/267/242 235/272/242 236/273/242
f 229/268/243 243/271/243 244/274/243
f 221/267/244 237/275/244 222/269/244
f 229/268/245 245/276/245 230/254/245
f 223/270/246 237/275/246 238/277/246
f 231/255/247 245/276/247 246/278/247
f 223/270/248 239/279/248 224/256/248
f 231/255/249 247/280/249 232/257/249
f 225/258/250 239/279/250 240/281/250
f 233/259/251 247/280/251 248/282/251
f 226/260/252 240/281/252 241/283/252
f 219/262/253 1/284/253 234/285/253
f 8/286/254 233/259/254 248/282/254
f 226/260/255 242/287/255 227/264/255
f 219/262/256 235/272/256 220/265/256
f 246/278/257 262/288/257 247/280/257
f 240/281/258 254/289/258 255/290/258
f 247/280/259 263/291/259 248/282/259
f 241/283/260 255/290/260 256/292/260
f 234/285/261 1/293/261 249/294/261
f 8/295/262 248/282/262 263/291/262
f 241/283/263 257/296/263 242/287/263
f 234/285/264 250/297/264 235/272/264
f 242/287/265 258/298/265 243/271/265
f 235/272/266 251/299/266 236/273/266
f 244/274/267 258/298/267 259/300/267
f 236/273/268 252/301/268 237/275/268
f 244/274/269 260/302/269 245/276/269
f 238/277/270 252/301/270 253/303/270
f 246/278/271 260/302/271 261/304/271
f 238/277/272 254/289/272 239/279/272
f 250/297/273 266/305/273 251/299/273
f 259/300/274 273/306/274 274/307/274
f 251/299/275 267/308/275 252/301/275
f 259/300/276 275/309/276 260/302/276
f 253/303/277 267/308/277 268/310/277
f 261/304/278 275/309/278 276/311/278
f 253/303/279 269/312/279 254/289/279
f 261/304/280 277/313/280 262/288/280
f 255/290/281 269/312/281 270/314/281
f 262/288/282 278/315/282 263/291/282
f 256/292/283 270/314/283 271/316/283
f 249/294/284 1/317/284 264/318/284
f 8/319/285 263/291/285 278/315/285
f 256/292/286 272/320/286 257/296/286
f 250/297/287 264/318/287 265/321/287
f 257/296/288 273/306/288 258/298/288
f 270/314/289 284/322/289 285/323/289
f 278/315/290 292/324/290 293/325/290
f 271/316/291 285/323/291 286/326/291
f 264/318/292 1/327/292 279/328/292
f 8/329/293 278/315/293 293/325/293
f 271/316/294 287/330/294 272/320/294
f 265/321/295 279/328/295 280/331/295
f 272/320/296 288/332/296 273/306/296
f 265/321/297 281/333/297 266/305/297
f 274/307/298 288/332/298 289/334/298
f 266/305/299 282/335/299 267/308/299
f 274/307/300 290/336/300 275/309/300
f 268/310/301 282/335/301 283/337/301
f 276/311/302 290/336/302 291/338/302
f 268/310/303 284/322/303 269/312/303
f 276/311/304 292/324/304 277/313/304
f 289/334/305 303/339/305 304/340/305
f 281/333/306 297/341/306 282/335/306
f 289/334/307 305/342/307 290/336/307
f 283/337/308 297/341/308 298/343/308
f 291/338/309 305/342/309 306/344/309
f 283/337/310 299/345/310 284/322/310
f 291/338/311 307/346/311 292/324/311
f 285/323/312 299/345/312 300/347/312
f 293/325/313 307/346/313 308/348/313
f 286/326/314 300/347/314 301/349/314
f 279/328/315 1/350/315 294/351/315
f 8/352/316 293/325/316 308/348/316
f 286/326/317 302/353/317 287/330/317
f 279/328/318 295/354/318 280/331/318
f 287/330/319 303/339/319 288/332/319
f 280/331/320 296/355/320 281/333/320
f 307/346/321 323/356/321 308/348/321
f 301/349/322 315/357/322 316/358/322
f 294/351/323 1/359/323 309/360/323
f 8/361/324 308/348/324 323/356/324
f 301/349/325 317/362/325 302/353/325
f 294/351/326 310/363/326 295/354/326
f 302/353/327 318/364/327 303/339/327
f 295/354/328 311/365/328 296/355/328
f 304/340/329 318/364/329 319/366/329
f 296/355/330 312/367/330 297/341/330
f 304/340/331 320/368/331 305/342/331
f 298/343/332 312/367/332 313/369/332
f 306/344/333 320/368/333 321/370/333
f 298/343/334 314/371/334 299/345/334
f 306/344/335 322/372/335 307/346/335
f 300/347/336 314/371/336 315/357/336
f 311/365/337 327/373/337 312/367/337
f 319/366/338 335/374/338 320/368/338
f 312/367/339 328/375/339 313/369/339
f 321/370/340 335/374/340 336/376/340
f 313/369/341 329/377/341 314/371/341
f 321/370/342 337/378/342 322/372/342
f 315/357/343 329/377/343 330/379/343
f 322/372/344 338/380/344 323/356/344
f 316/358/345 330/379/345 331/381/345
f 309/360/346 1/382/346 324/383/346
f 8/384/347 323/356/347 338/380/347
f 316/358/348 332/385/348 317/362/348
f 309/360/349 325/386/349 310/363/349
f 317/362/350 333/387/350 318/364/350
f 310/363/351 326/388/351 311/365/351
f 319/366/352 333/387/352 334/389/352
f 331/381/353 345/390/353 346/391/353
f 324/383/354 1/392/354 339/393/354
f 8/394/355 338/380/355 353/395/355
f 331/381/356 347/396/356 332/385/356
f 324/383/357 340/397/357 325/386/357
f 332/385/358 348/398/358 333/387/358
f 325/386/359 341/399/359 326/388/359
f 334/389/360 348/398/360 349/400/360
f 326/388/361 342/401/361 327/373/361
f 334/389/362 350/402/362 335/374/362
f 328/375/363 342/401/363 343/403/363
f 336/376/364 350/402/364 351/404/364
f 328/375/365 344/405/365 329/377/365
f 336/376/366 352/406/366 337/378/366
f 330/379/367 344/405/367 345/390/367
f 337/378/368 353/395/368 338/380/368
f 349/400/369 365/407/369 350/402/369
f 343/403/370 357/408/370 358/409/370
f 351/404/371 365/407/371 366/410/371
f 343/403/372 359/411/372 344/405/372
f 351/404/373 367/412/373 352/406/373
f 345/390/374 359/411/374 360/413/374
f 352/406/375 368/414/375 353/395/375
f 346/391/376 360/413/376 361/415/376
f 339/393/377 1/416/377 354/417/377
f 8/418/378 353/395/378 368/414/378
f 346/391/379 362/419/379 347/396/379
f 339/393/380 355/420/380 340/397/380
f 347/396/381 363/421/381 348/398/381
f 341/399/382 355/420/382 356/422/382
f 349/400/383 363/421/383 364/423/383
f 341/399/384 357/408/384 342/401/384
f 8/424/385 368/425/385 383/426/385
f 361/427/386 377/428/386 362/429/386
f 354/430/387 370/431/387 355/432/387
f 362/429/388 378/433/388 363/434/388
f 356/435/389 370/431/389 371/436/389
f 364/437/390 378/433/390 379/438/390
f 356/435/391 372/439/391 357/440/391
f 364/437/392 380/441/392 365/442/392
f 358/443/393 372/439/393 373/444/393
f 366/445/394 380/441/394 381/446/394
f 358/443/395 374/447/395 359/448/395
f 366/445/396 382/449/396 367/450/396
f 360/451/397 374/447/397 375/452/397
f 367/450/398 383/426/398 368/425/398
f 361/427/399 375/452/399 376/453/399
f 354/430/400 1/454/400 369/455/400
f 381/446/401 395/456/401 396/457/401
f 373/444/402 389/458/402 374/447/402
f 381/446/403 397/459/403 382/449/403
f 375/452/404 389/458/404 390/460/404
f 382/449/405 398/461/405 383/426/405
f 376/453/406 390/460/406 391/462/406
f 369/455/407 1/463/407 384/464/407
f 8/465/408 383/426/408 398/461/408
f 376/453/409 392/466/409 377/428/409
f 369/455/410 385/467/410 370/431/410
f 377/428/411 393/468/411 378/433/411
f 371/436/412 385/467/412 386/469/412
f 379/438/413 393/468/413 394/470/413
f 371/436/414 387/471/414 372/439/414
f 379/438/415 395/456/415 380/441/415
f 373/444/416 387/471/416 388/472/416
f 385/467/417 399/473/417 400/474/417
f 392/466/418 408/475/418 393/468/418
f 385/467/419 401/476/419 386/469/419
f 394/470/420 408/475/420 409/477/420
f 386/469/421 402/478/421 387/471/421
f 394/470/422 410/479/422 395/456/422
f 388/472/423 402/478/423 403/480/423
f 396/457/424 410/479/424 411/481/424
f 388/472/425 404/482/425 389/458/425
f 397/459/426 411/481/426 412/483/426
f 390/460/427 404/482/427 405/484/427
f 397/459/428 413/485/428 398/461/428
f 391/462/429 405/484/429 406/486/429
f 384/464/430 1/487/430 399/473/430
f 8/488/431 398/461/431 413/485/431
f 391/462/432 407/489/432 392/466/432
f 403/480/433 419/490/433 404/482/433
f 411/481/434 427/491/434 412/483/434
f 405/484/435 419/490/435 420/492/435
f 412/483/436 428/493/436 413/485/436
f 406/486/437 420/492/437 421/494/437
f 399/473/438 1/495/438 414/496/438
f 8/497/439 413/485/439 428/493/439
f 406/486/440 422/498/440 407/489/440
f 399/473/441 415/499/441 400/474/441
f 407/489/442 423/500/442 408/475/442
f 401/476/443 415/499/443 416/501/443
f 409/477/444 423/500/444 424/502/444
f 401/476/445 417/503/445 402/478/445
f 409/477/446 425/504/446 410/479/446
f 403/480/447 417/503/447 418/505/447
f 411/481/448 425/504/448 426/506/448
f 422/498/449 438/507/449 423/500/449
f 416/501/450 430/508/450 431/509/450
f 424/502/451 438/507/451 439/510/451
f 416/501/452 432/511/452 417/503/452
f 424/502/453 440/512/453 425/504/453
f 418/505/454 432/511/454 433/513/454
f 426/506/455 440/512/455 441/514/455
f 418/505/456 434/515/456 419/490/456
f 426/506/457 442/516/457 427/491/457
f 420/492/458 434/515/458 435/517/458
f 427/491/459 443/518/459 428/493/459
f 421/494/460 435/517/460 436/519/460
f 414/496/461 1/520/461 429/521/461
f 8/522/462 428/493/462 443/518/462
f 421/494/463 437/523/463 422/498/463
f 414/496/464 430/508/464 415/499/464
f 441/514/465 457/524/465 442/516/465
f 435/517/466 449/525/466 450/526/466
f 442/516/467 458/527/467 443/518/467
f 436/519/468 450/526/468 451/528/468
f 429/521/469 1/529/469 444/530/469
f 8/531/470 443/518/470 458/527/470
f 436/519/471 452/532/471 437/523/471
f 430/508/472 444/530/472 445/533/472
f 437/523/473 453/534/473 438/507/473
f 430/508/474 446/535/474 431/509/474
f 439/510/475 453/534/475 454/536/475
f 431/509/476 447/537/476 432/511/476
f 439/510/477 455/538/477 440/512/477
f 433/513/478 447/537/478 448/539/478
f 441/514/479 455/538/479 456/540/479
f 433/513/480 449/525/480 434/515/480
f 446/535/481 460/541/481 461/542/481
f 454/536/482 468/543/482 469/544/482
f 446/535/483 462/545/483 447/537/483
f 454/536/484 470/546/484 455/538/484
f 448/539/485 462/545/485 463/547/485
f 456/540/486 470/546/486 471/548/486
f 448/539/487 464/549/487 449/525/487
f 456/540/488 472/550/488 457/524/488
f 450/526/489 464/549/489 465/551/489
f 458/527/490 472/550/490 473/552/490
f 451/528/491 465/551/491 466/553/491
f 444/530/492 1/554/492 459/555/492
f 8/556/493 458/527/493 473/552/493
f 451/528/494 467/557/494 452/532/494
f 444/530/495 460/541/495 445/533/495
f 452/532/496 468/543/496 453/534/496
f 465/551/497 477/32/497 4/4/497
f 472/550/498 482/8/498 473/552/498
f 466/553/499 4/4/499 5/10/499
f 459/555/500 1/558/500 474/11/500
f 8/559/501 473/552/501 482/8/501
f 466/553/502 6/16/502 467/557/502
f 460/541/503 474/11/503 475/17/503
f 467/557/504 478/20/504 468/543/504
f 461/542/505 475/17/505 2/21/505
f 468/543/506 7/24/506 469/544/506
f 462/545/507 2/21/507 476/25/507
f 469/544/508 479/28/508 470/546/508
f 463/547/509 476/25/509 3/29/509
f 471/548/510 479/28/510 480/1/510
f 464/549/511 3/29/511 477/32/511
f 471/548/512 481/3/512 472/550/512
f 480/1/1 21/31/1 22/2/1
f 4/4/2 477/32/2 14/5/2
f 481/3/3 22/2/3 23/7/3
f 4/4/513 15/6/513 16/9/513
f 5/10/514 16/9/514 17/15/514
f 475/17/8 474/11/8 9/13/8
f 6/16/9 17/15/9 18/19/9
f 2/21/10 475/17/10 10/18/10
f 478/20/11 18/19/11 19/23/11
f 476/25/12 2/21/12 11/22/12
f 7/24/13 19/23/13 20/27/13
f 3/29/14 476/25/14 12/26/14
f 479/28/15 20/27/15 21/31/15
f 477/32/16 3/29/16 13/30/16
f 21/31/17 20/27/17 35/33/17
f 13/30/18 28/49/18 29/35/18
f 22/2/19 21/31/19 36/34/19
f 15/6/20 14/5/20 29/35/20
f 22/2/21 37/36/21 38/38/21
f 15/6/22 30/37/22 31/39/22
f 16/9/25 31/39/25 32/43/25
f 9/13/26 24/41/26 25/44/26
f 17/15/27 32/43/27 33/45/27
f 10/18/28 25/44/28 26/46/28
f 18/19/29 33/45/29 34/47/29
f 11/22/30 26/46/30 27/48/30
f 19/23/31 34/47/31 35/33/31
f 12/26/32 27/48/32 28/49/32
f 24/41/33 39/64/33 40/50/33
f 32/43/34 47/66/34 48/51/34
f 25/44/515 40/50/515 41/52/515
f 34/47/36 33/45/36 48/51/36
f 26/46/37 41/52/37 42/54/37
f 35/33/38 34/47/38 49/53/38
f 27/48/39 42/54/39 43/56/39
f 36/34/40 35/33/40 50/55/40
f 28/49/41 43/56/41 44/58/41
f 36/34/516 51/57/516 52/59/516
f 29/35/43 44/58/43 45/60/43
f 37/36/44 52/59/44 53/61/44
f 30/37/45 45/60/45 46/62/45
f 32/43/48 31/39/48 46/62/48
f 43/56/49 58/82/49 59/67/49
f 51/57/50 66/83/50 67/68/50
f 45/60/51 44/58/51 59/67/51
f 52/59/52 67/68/52 68/70/52
f 46/62/53 45/60/53 60/69/53
f 46/62/56 61/71/56 62/75/56
f 39/64/57 54/73/57 55/76/57
f 47/66/58 62/75/58 63/77/58
f 40/50/59 55/76/59 56/78/59
f 49/53/60 48/51/60 63/77/60
f 41/52/61 56/78/61 57/80/61
f 49/53/62 64/79/62 65/81/62
f 42/54/63 57/80/63 58/82/63
f 50/55/64 65/81/64 66/83/64
f 62/75/65 77/99/65 78/84/65
f 55/76/66 70/100/66 71/85/66
f 64/79/67 63/77/67 78/84/67
f 56/78/68 71/85/68 72/87/68
f 64/79/69 79/86/69 80/88/69
f 58/82/70 57/80/70 72/87/70
f 65/81/71 80/88/71 81/90/71
f 58/82/72 73/89/72 74/91/72
f 67/68/73 66/83/73 81/90/73
f 60/69/74 59/67/74 74/91/74
f 67/68/517 82/92/517 83/94/517
f 61/71/76 60/69/76 75/93/76
f 61/71/79 76/95/79 77/99/79
f 54/73/80 69/97/80 70/100/80
f 81/90/81 96/117/81 97/101/81
f 75/93/82 74/91/82 89/102/82
f 83/94/83 82/92/83 97/101/83
f 76/95/84 75/93/84 90/103/84
f 76/95/87 91/105/87 92/109/87
f 69/97/88 84/107/88 85/110/88
f 77/99/89 92/109/89 93/111/89
f 70/100/90 85/110/90 86/112/90
f 79/86/91 78/84/91 93/111/91
f 71/85/92 86/112/92 87/114/92
f 79/86/93 94/113/93 95/115/93
f 73/89/94 72/87/94 87/114/94
f 80/88/95 95/115/95 96/117/95
f 73/89/96 88/116/96 89/102/96
f 94/113/97 93/111/97 108/118/97
f 86/112/98 101/134/98 102/120/98
f 94/113/99 109/119/99 110/121/99
f 88/116/100 87/114/100 102/120/100
f 96/117/101 95/115/101 110/121/101
f 88/116/102 103/122/102 104/124/102
f 97/101/103 96/117/103 111/123/103
f 90/103/104 89/102/104 104/124/104
f 97/101/105 112/125/105 113/127/105
f 91/105/106 90/103/106 105/126/106
f 91/105/109 106/128/109 107/132/109
f 85/110/110 84/107/110 99/130/110
f 92/109/111 107/132/111 108/118/111
f 85/110/112 100/133/112 101/134/112
f 112/125/113 127/151/113 128/135/113
f 106/128/114 105/126/114 120/136/114
f 106/128/117 121/137/117 122/141/117
f 100/133/118 99/130/118 114/139/118
f 107/132/119 122/141/119 123/143/119
f 100/133/120 115/142/120 116/144/120
f 109/119/121 108/118/121 123/143/121
f 101/134/122 116/144/122 117/146/122
f 109/119/123 124/145/123 125/147/123
f 103/122/124 102/120/124 117/146/124
f 111/123/125 110/121/125 125/147/125
f 103/122/126 118/148/126 119/150/126
f 111/123/127 126/149/127 127/151/127
f 105/126/128 104/124/128 119/150/128
f 116/144/129 131/167/129 132/152/129
f 124/145/130 139/168/130 140/153/130
f 118/148/131 117/146/131 132/152/131
f 126/149/132 125/147/132 140/153/132
f 118/148/133 133/154/133 134/156/133
f 126/149/134 141/155/134 142/157/134
f 120/136/135 119/150/135 134/156/135
f 127/151/136 142/157/136 143/159/136
f 121/137/137 120/136/137 135/158/137
f 121/137/140 136/160/140 137/164/140
f 114/139/141 129/162/141 130/165/141
f 122/141/142 137/164/142 138/166/142
f 115/142/143 130/165/143 131/167/143
f 124/145/144 123/143/144 138/166/144
f 136/160/145 135/158/145 150/169/145
f 136/160/148 151/170/148 152/175/148
f 129/162/149 144/172/149 145/176/149
f 137/164/150 152/175/150 153/177/150
f 131/167/151 130/165/151 145/176/151
f 139/168/152 138/166/152 153/177/152
f 131/167/153 146/178/153 147/180/153
f 139/168/154 154/179/154 155/181/154
f 133/154/155 132/152/155 147/180/155
f 141/155/156 140/153/156 155/181/156
f 133/154/157 148/182/157 149/184/157
f 141/155/158 156/183/158 157/185/158
f 135/158/159 134/156/159 149/184/159
f 143/159/160 142/157/160 157/185/160
f 154/179/161 169/202/161 170/186/161
f 148/182/162 147/180/162 162/187/162
f 156/183/163 155/181/163 170/186/163
f 148/182/164 163/188/164 164/190/164
f 156/183/518 171/189/518 172/191/518
f 150/169/166 149/184/166 164/190/166
f 157/185/167 172/191/167 173/193/167
f 151/170/168 150/169/168 165/192/168
f 151/170/171 166/194/171 167/198/171
f 144/172/172 159/196/172 160/199/172
f 152/175/173 167/198/173 168/200/173
f 146/178/519 145/176/519 160/199/519
f 154/179/175 153/177/175 168/200/175
f 146/178/176 161/201/176 162/187/176
f 166/194/179 181/219/179 182/207/179
f 159/196/180 174/204/180 175/208/180
f 167/198/181 182/207/181 183/209/181
f 160/199/182 175/208/182 176/210/182
f 169/202/183 168/200/183 183/209/183
f 161/201/184 176/210/184 177/212/184
f 169/202/185 184/211/185 185/213/185
f 163/188/186 162/187/186 177/212/186
f 170/186/187 185/213/187 186/215/187
f 163/188/188 178/214/188 179/216/188
f 172/191/189 171/189/189 186/215/189
f 165/192/190 164/190/190 179/216/190
f 173/193/191 172/191/191 187/217/191
f 166/194/192 165/192/192 180/218/192
f 178/214/193 177/212/193 192/220/193
f 186/215/194 185/213/194 200/222/194
f 178/214/195 193/221/195 194/224/195
f 186/215/196 201/223/196 202/225/196
f 180/218/197 179/216/197 194/224/197
f 187/217/198 202/225/198 203/227/198
f 181/219/199 180/218/199 195/226/199
f 181/219/202 196/228/202 197/232/202
f 175/208/203 174/204/203 189/230/203
f 182/207/204 197/232/204 198/234/204
f 176/210/205 175/208/205 190/233/205
f 184/211/206 183/209/206 198/234/206
f 176/210/207 191/235/207 192/220/207
f 184/211/208 199/236/208 200/222/208
f 196/228/209 211/250/209 212/237/209
f 189/230/210 204/252/210 205/238/210
f 197/232/211 212/237/211 213/239/211
f 190/233/212 205/238/212 206/240/212
f 199/236/213 198/234/213 213/239/213
f 191/235/214 206/240/214 207/242/214
f 199/236/215 214/241/215 215/243/215
f 193/221/216 192/220/216 207/242/216
f 201/223/217 200/222/217 215/243/217
f 193/221/218 208/244/218 209/246/218
f 201/223/520 216/245/520 217/247/520
f 195/226/220 194/224/220 209/246/220
f 202/225/221 217/247/221 218/249/221
f 196/228/222 195/226/222 210/248/222
f 216/245/225 215/243/225 230/254/225
f 208/244/226 223/270/226 224/256/226
f 216/245/227 231/255/227 232/257/227
f 210/248/228 209/246/228 224/256/228
f 217/247/229 232/257/229 233/259/229
f 211/250/230 210/248/230 225/258/230
f 211/250/233 226/260/233 227/264/233
f 204/252/234 219/262/234 220/265/234
f 212/237/235 227/264/235 228/266/235
f 205/238/236 220/265/236 221/267/236
f 214/241/237 213/239/237 228/266/237
f 206/240/238 221/267/238 222/269/238
f 214/241/239 229/268/239 230/254/239
f 208/244/240 207/242/240 222/269/240
f 227/264/241 242/287/241 243/271/241
f 221/267/242 220/265/242 235/272/242
f 229/268/243 228/266/243 243/271/243
f 221/267/244 236/273/244 237/275/244
f 229/268/245 244/274/245 245/276/245
f 223/270/246 222/269/246 237/275/246
f 231/255/247 230/254/247 245/276/247
f 223/270/248 238/277/248 239/279/248
f 231/255/249 246/278/249 247/280/249
f 225/258/250 224/256/250 239/279/250
f 233/259/251 232/257/251 247/280/251
f 226/260/252 225/258/252 240/281/252
f 226/260/255 241/283/255 242/287/255
f 219/262/256 234/285/256 235/272/256
f 246/278/257 261/304/257 262/288/257
f 240/281/258 239/279/258 254/289/258
f 247/280/259 262/288/259 263/291/259
f 241/283/521 240/281/521 255/290/521
f 241/283/522 256/292/522 257/296/522
f 234/285/264 249/294/264 250/297/264
f 242/287/265 257/296/265 258/298/265
f 235/272/266 250/297/266 251/299/266
f 244/274/267 243/271/267 258/298/267
f 236/273/268 251/299/268 252/301/268
f 244/274/269 259/300/269 260/302/269
f 238/277/270 237/275/270 252/301/270
f 246/278/271 245/276/271 260/302/271
f 238/277/272 253/303/272 254/289/272
f 250/297/273 265/321/273 266/305/273
f 259/300/274 258/298/274 273/306/274
f 251/299/275 266/305/275 267/308/275
f 259/300/276 274/307/276 275/309/276
f 253/303/277 252/301/277 267/308/277
f 261/304/278 260/302/278 275/309/278
f 253/303/279 268/310/279 269/312/279
f 261/304/280 276/311/280 277/313/280
f 255/290/281 254/289/281 269/312/281
f 262/288/282 277/313/282 278/315/282
f 256/292/283 255/290/283 270/314/283
f 256/292/286 271/316/286 272/320/286
f 250/297/287 249/294/287 264/318/287
f 257/296/288 272/320/288 273/306/288
f 270/314/289 269/312/289 284/322/289
f 278/315/290 277/313/290 292/324/290
f 271/316/291 270/314/291 285/323/291
f 271/316/294 286/326/294 287/330/294
f 265/321/295 264/318/295 279/328/295
f 272/320/296 287/330/296 288/332/296
f 265/321/523 280/331/523 281/333/523
f 274/307/298 273/306/298 288/332/298
f 266/305/299 281/333/299 282/335/299
f 274/307/300 289/334/300 290/336/300
f 268/310/301 267/308/301 282/335/301
f 276/311/302 275/309/302 290/336/302
f 268/310/303 283/337/303 284/322/303
f 276/311/524 291/338/524 292/324/524
f 289/334/305 288/332/305 303/339/305
f 281/333/306 296/355/306 297/341/306
f 289/334/307 304/340/307 305/342/307
f 283/337/308 282/335/308 297/341/308
f 291/338/309 290/336/309 305/342/309
f 283/337/310 298/343/310 299/345/310
f 291/338/311 306/344/311 307/346/311
f 285/323/312 284/322/312 299/345/312
f 293/325/313 292/324/313 307/346/313
f 286/326/314 285/323/314 300/347/314
f 286/326/317 301/349/317 302/353/317
f 279/328/318 294/351/318 295/354/318
f 287/330/319 302/353/319 303/339/319
f 280/331/320 295/354/320 296/355/320
f 307/346/525 322/372/525 323/356/525
f 301/349/322 300/347/322 315/357/322
f 301/349/325 316/358/325 317/362/325
f 294/351/326 309/360/326 310/363/326
f 302/353/327 317/362/327 318/364/327
f 295/354/328 310/363/328 311/365/328
f 304/340/329 303/339/329 318/364/329
f 296/355/330 311/365/330 312/367/330
f 304/340/331 319/366/331 320/368/331
f 298/343/332 297/341/332 312/367/332
f 306/344/333 305/342/333 320/368/333
f 298/343/334 313/369/334 314/371/334
f 306/344/335 321/370/335 322/372/335
f 300/347/336 299/345/336 314/371/336
f 311/365/337 326/388/337 327/373/337
f 319/366/338 334/389/338 335/374/338
f 312/367/339 327/373/339 328/375/339
f 321/370/340 320/368/340 335/374/340
f 313/369/341 328/375/341 329/377/341
f 321/370/526 336/376/526 337/378/526
f 315/357/343 314/371/343 329/377/343
f 322/372/344 337/378/344 338/380/344
f 316/358/345 315/357/345 330/379/345
f 316/358/348 331/381/348 332/385/348
f 309/360/349 324/383/349 325/386/349
f 317/362/350 332/385/350 333/387/350
f 310/363/351 325/386/351 326/388/351
f 319/366/352 318/364/352 333/387/352
f 331/381/353 330/379/353 345/390/353
f 331/381/356 346/391/356 347/396/356
f 324/383/357 339/393/357 340/397/357
f 332/385/358 347/396/358 348/398/358
f 325/386/359 340/397/359 341/399/359
f 334/389/360 333/387/360 348/398/360
f 326/388/361 341/399/361 342/401/361
f 334/389/362 349/400/362 350/402/362
f 328/375/363 327/373/363 342/401/363
f 336/376/364 335/374/364 350/402/364
f 328/375/365 343/403/365 344/405/365
f 336/376/366 351/404/366 352/406/366
f 330/379/367 329/377/367 344/405/367
f 337/378/368 352/406/368 353/395/368
f 349/400/369 364/423/369 365/407/369
f 343/403/370 342/401/370 357/408/370
f 351/404/371 350/402/371 365/407/371
f 343/403/372 358/409/372 359/411/372
f 351/404/373 366/410/373 367/412/373
f 345/390/374 344/405/374 359/411/374
f 352/406/375 367/412/375 368/414/375
f 346/391/527 345/390/527 360/413/527
f 346/391/528 361/415/528 362/419/528
f 339/393/380 354/417/380 355/420/380
f 347/396/381 362/419/381 363/421/381
f 341/399/382 340/397/382 355/420/382
f 349/400/383 348/398/383 363/421/383
f 341/399/384 356/422/384 357/408/384
f 361/427/529 376/453/529 377/428/529
f 354/430/387 369/455/387 370/431/387
f 362/429/388 377/428/388 378/433/388
f 356/435/389 355/432/389 370/431/389
f 364/437/390 363/434/390 378/433/390
f 356/435/391 371/436/391 372/439/391
f 364/437/392 379/438/392 380/441/392
f 358/443/393 357/440/393 372/439/393
f 366/445/394 365/442/394 380/441/394
f 358/443/395 373/444/395 374/447/395
f 366/445/396 381/446/396 382/449/396
f 360/451/397 359/448/397 374/447/397
f 367/450/398 382/449/398 383/426/398
f 361/427/530 360/451/530 375/452/530
f 381/446/401 380/441/401 395/456/401
f 373/444/402 388/472/402 389/458/402
f 381/446/403 396/457/403 397/459/403
f 375/452/404 374/447/404 389/458/404
f 382/449/405 397/459/405 398/461/405
f 376/453/406 375/452/406 390/460/406
f 376/453/409 391/462/409 392/466/409
f 369/455/410 384/464/410 385/467/410
f 377/428/411 392/466/411 393/468/411
f 371/436/412 370/431/412 385/467/412
f 379/438/413 378/433/413 393/468/413
f 371/436/414 386/469/414 387/471/414
f 379/438/415 394/470/415 395/456/415
f 373/444/416 372/439/416 387/471/416
f 385/467/417 384/464/417 399/473/417
f 392/466/418 407/489/418 408/475/418
f 385/467/419 400/474/419 401/476/419
f 394/470/420 393/468/420 408/475/420
f 386/469/421 401/476/421 402/478/421
f 394/470/422 409/477/422 410/479/422
f 388/472/423 387/471/423 402/478/423
f 396/457/424 395/456/424 410/479/424
f 388/472/425 403/480/425 404/482/425
f 397/459/426 396/457/426 411/481/426
f 390/460/427 389/458/427 404/482/427
f 397/459/428 412/483/428 413/485/428
f 391/462/429 390/460/429 405/484/429
f 391/462/432 406/486/432 407/489/432
f 403/480/433 418/505/433 419/490/433
f 411/481/434 426/506/434 427/491/434
f 405/484/435 404/482/435 419/490/435
f 412/483/436 427/491/436 428/493/436
f 406/486/437 405/484/437 420/492/437
f 406/486/440 421/494/440 422/498/440
f 399/473/441 414/496/441 415/499/441
f 407/489/442 422/498/442 423/500/442
f 401/476/443 400/474/443 415/499/443
f 409/477/444 408/475/444 423/500/444
f 401/476/445 416/501/445 417/503/445
f 409/477/446 424/502/446 425/504/446
f 403/480/447 402/478/447 417/503/447
f 411/481/448 410/479/448 425/504/448
f 422/498/449 437/523/449 438/507/449
f 416/501/450 415/499/450 430/508/450
f 424/502/451 423/500/451 438/507/451
f 416/501/452 431/509/452 432/511/452
f 424/502/453 439/510/453 440/512/453
f 418/505/454 417/503/454 432/511/454
f 426/506/455 425/504/455 440/512/455
f 418/505/456 433/513/456 434/515/456
f 426/506/457 441/514/457 442/516/457
f 420/492/458 419/490/458 434/515/458
f 427/491/459 442/516/459 443/518/459
f 421/494/460 420/492/460 435/517/460
f 421/494/463 436/519/463 437/523/463
f 414/496/464 429/521/464 430/508/464
f 441/514/465 456/540/465 457/524/465
f 435/517/466 434/515/466 449/525/466
f 442/516/467 457/524/467 458/527/467
f 436/519/468 435/517/468 450/526/468
f 436/519/471 451/528/471 452/532/471
f 430/508/472 429/521/472 444/530/472
f 437/523/473 452/532/473 453/534/473
f 430/508/474 445/533/474 446/535/474
f 439/510/475 438/507/475 453/534/475
f 431/509/476 446/535/476 447/537/476
f 439/510/477 454/536/477 455/538/477
f 433/513/478 432/511/478 447/537/478
f 441/514/479 440/512/479 455/538/479
f 433/513/480 448/539/480 449/525/480
f 446/535/481 445/533/481 460/541/481
f 454/536/482 453/534/482 468/543/482
f 446/535/483 461/542/483 462/545/483
f 454/536/484 469/544/484 470/546/484
f 448/539/485 447/537/485 462/545/485
f 456/540/486 455/538/486 470/546/486
f 448/539/487 463/547/487 464/549/487
f 456/540/488 471/548/488 472/550/488
f 450/526/489 449/525/489 464/549/489
f 458/527/490 457/524/490 472/550/490
f 451/528/491 450/526/491 465/551/491
f 451/528/494 466/553/494 467/557/494
f 444/530/495 459/555/495 460/541/495
f 452/532/496 467/557/496 468/543/496
f 465/551/497 464/549/497 477/32/497
f 472/550/498 481/3/498 482/8/498
f 466/553/499 465/551/499 4/4/499
f 466/553/502 5/10/502 6/16/502
f 460/541/503 459/555/503 474/11/503
f 467/557/504 6/16/504 478/20/504
f 461/542/505 460/541/505 475/17/505
f 468/543/506 478/20/506 7/24/506
f 462/545/507 461/542/507 2/21/507
f 469/544/508 7/24/508 479/28/508
f 463/547/509 462/545/509 476/25/509
f 471/548/510 470/546/510 479/28/510
f 464/549/511 463/547/511 3/29/511
f 471/548/512 480/1/512 481/3/512
o Sphere.001
v 0.000000 1.000000 -1.794399
v 0.000000 0.831470 -2.349969
v 0.000000 0.555570 -2.625869
v 0.000000 0.195090 -2.775184
v 0.000000 0.000000 -2.794399
v 0.000000 -0.195090 -2.775184
v 0.000000 -0.555570 -2.625869
v 0.000000 -1.000000 -1.794399
v 0.038060 0.980785 -1.985741
v 0.074658 0.923880 -2.169729
v 0.108386 0.831470 -2.339294
v 0.137950 0.707107 -2.487919
v 0.162212 0.555570 -2.609892
v 0.180240 0.382683 -2.700526
v 0.191342 0.195090 -2.756339
v 0.195090 0.000000 -2.775184
v 0.191342 -0.195090 -2.756339
v 0.180240 -0.382683 -2.700526
v 0.162212 -0.555570 -2.609892
v 0.137950 -0.707107 -2.487919
v 0.108386 -0.831470 -2.339294
v 0.074658 -0.923880 -2.169729
v 0.038060 -0.980785 -1.985741
v 0.074658 0.980785 -1.974639
v 0.146447 0.923880 -2.147952
v 0.212608 0.831470 -2.307679
v 0.270598 0.707107 -2.447680
v 0.318190 0.555570 -2.562577
v 0.353553 0.382683 -2.647952
v 0.375330 0.195090 -2.700526
v 0.382683 0.000000 -2.718278
v 0.375330 -0.195090 -2.700526
v 0.353553 -0.382683 -2.647952
v 0.318190 -0.555570 -2.562577
v 0.270598 -0.707107 -2.447680
v 0.212608 -0.831470 -2.307679
v 0.146447 -0.923880 -2.147952
v 0.074658 -0.980785 -1.974639
v 0.108386 0.980785 -1.956611
v 0.212608 0.923880 -2.112589
v 0.308658 0.831470 -2.256339
v 0.392847 0.707107 -2.382337
v 0.461940 0.555570 -2.485740
v 0.513280 0.382683 -2.562577
v 0.544895 0.195090 -2.609892
v 0.555570 0.000000 -2.625868
v 0.544895 -0.195090 -2.609892
v 0.513280 -0.382683 -2.562577
v 0.461940 -0.555570 -2.485740
v 0.392847 -0.707107 -2.382337
v 0.308658 -0.831470 -2.256339
v 0.212608 -0.923880 -2.112589
v 0.108386 -0.980785 -1.956611
v 0.137950 0.980785 -1.932349
v 0.270598 0.923880 -2.064997
v 0.392847 0.831470 -2.187246
v 0.500000 0.707107 -2.294399
v 0.587938 0.555570 -2.382337
v 0.653281 0.382683 -2.447680
v 0.693520 0.195090 -2.487919
v 0.707107 0.000000 -2.501505
v 0.693520 -0.195090 -2.487919
v 0.653281 -0.382683 -2.447680
v 0.587938 -0.555570 -2.382337
v 0.500000 -0.707107 -2.294399
v 0.392847 -0.831470 -2.187246
v 0.270598 -0.923880 -2.064997
v 0.137950 -0.980785 -1.932349
v 0.162212 0.980785 -1.902785
v 0.318190 0.923880 -2.007006
v 0.461940 0.831470 -2.103057
v 0.587938 0.707107 -2.187246
v 0.691342 0.555570 -2.256339
v 0.768178 0.382683 -2.307679
v 0.815493 0.195090 -2.339294
v 0.831470 0.000000 -2.349969
v 0.815493 -0.195090 -2.339294
v 0.768178 -0.382683 -2.307679
v 0.691342 -0.555570 -2.256339
v 0.587938 -0.707107 -2.187246
v 0.461940 -0.831470 -2.103057
v 0.318190 -0.923880 -2.007006
v 0.162212 -0.980785 -1.902785
v 0.180240 0.980785 -1.869057
v 0.353553 0.923880 -1.940845
v 0.513280 0.831470 -2.007006
v 0.653281 0.707107 -2.064997
v 0.768178 0.555570 -2.112588
v 0.853553 0.382683 -2.147952
v 0.906127 0.195090 -2.169729
v 0.923879 0.000000 -2.177082
v 0.906127 -0.195090 -2.169729
v 0.853553 -0.382683 -2.147952
v 0.768178 -0.555570 -2.112588
v 0.653281 -0.707107 -2.064997
v 0.513280 -0.831470 -2.007006
v 0.353553 -0.923880 -1.940845
v 0.180240 -0.980785 -1.869057
v 0.191342 0.980785 -1.832459
v 0.375330 0.923880 -1.869057
v 0.544895 0.831470 -1.902785
v 0.693520 0.707107 -1.932349
v 0.815493 0.555570 -1.956610
v 0.906127 0.382683 -1.974639
v 0.961940 0.195090 -1.985741
v 0.980785 0.000000 -1.989489
v 0.961940 -0.195090 -1.985741
v 0.906127 -0.382683 -1.974639
v 0.815493 -0.555570 -1.956610
v 0.693520 -0.707107 -1.932349
v 0.544895 -0.831470 -1.902785
v 0.375330 -0.923880 -1.869057
v 0.191342 -0.980785 -1.832459
v 0.195090 0.980785 -1.794399
v 0.382683 0.923880 -1.794399
v 0.555570 0.831470 -1.794399
v 0.707107 0.707107 -1.794399
v 0.831469 0.555570 -1.794399
v 0.923879 0.382683 -1.794399
v 0.980785 0.195090 -1.794399
v 1.000000 0.000000 -1.794399
v 0.980785 -0.195090 -1.794399
v 0.923879 -0.382683 -1.794399
v 0.831469 -0.555570 -1.794399
v 0.707107 -0.707107 -1.794399
v 0.555570 -0.831470 -1.794399
v 0.382683 -0.923880 -1.794399
v 0.195090 -0.980785 -1.794399
v 0.191342 0.980785 -1.756339
v 0.375330 0.923880 -1.719741
v 0.544895 0.831470 -1.686013
v 0.693520 0.707107 -1.656449
v 0.815493 0.555570 -1.632187
v 0.906127 0.382683 -1.614159
v 0.961940 0.195090 -1.603057
v 0.980785 0.000000 -1.599308
v 0.961940 -0.195090 -1.603057
v 0.906127 -0.382683 -1.614159
v 0.815493 -0.555570 -1.632187
v 0.693520 -0.707107 -1.656449
v 0.544895 -0.831470 -1.686013
v 0.375330 -0.923880 -1.719741
v 0.191342 -0.980785 -1.756339
v 0.180240 0.980785 -1.719741
v 0.353553 0.923880 -1.647952
v 0.513280 0.831470 -1.581791
v 0.653281 0.707107 -1.523801
v 0.768178 0.555570 -1.476209
v 0.853553 0.382683 -1.440846
v 0.906127 0.195090 -1.419069
v 0.923879 0.000000 -1.411716
v 0.906127 -0.195090 -1.419069
v 0.853553 -0.382683 -1.440846
v 0.768178 -0.555570 -1.476209
v 0.653281 -0.707107 -1.523801
v 0.513280 -0.831470 -1.581791
v 0.353553 -0.923880 -1.647952
v 0.180240 -0.980785 -1.719741
v 0.162212 0.980785 -1.686013
v 0.318190 0.923880 -1.581791
v 0.461940 0.831470 -1.485741
v 0.587938 0.707107 -1.401551
v 0.691341 0.555570 -1.332459
v 0.768178 0.382683 -1.281119
v 0.815493 0.195090 -1.249504
v 0.831469 0.000000 -1.238829
v 0.815493 -0.195090 -1.249504
v 0.768178 -0.382683 -1.281119
v 0.691341 -0.555570 -1.332459
v 0.587938 -0.707107 -1.401551
v 0.461940 -0.831470 -1.485741
v 0.318190 -0.923880 -1.581791
v 0.162212 -0.980785 -1.686013
v 0.137950 0.980785 -1.656449
v 0.270598 0.923880 -1.523801
v 0.392847 0.831470 -1.401551
v 0.500000 0.707107 -1.294399
v 0.587938 0.555570 -1.206461
v 0.653281 0.382683 -1.141118
v 0.693520 0.195090 -1.100879
v 0.707106 0.000000 -1.087292
v 0.693520 -0.195090 -1.100879
v 0.653281 -0.382683 -1.141118
v 0.587938 -0.555570 -1.206461
v 0.500000 -0.707107 -1.294399
v 0.392847 -0.831470 -1.401551
v 0.270598 -0.923880 -1.523801
v 0.137950 -0.980785 -1.656449
v 0.108386 0.980785 -1.632187
v 0.212607 0.923880 -1.476209
v 0.308658 0.831470 -1.332459
v 0.392847 0.707107 -1.206461
v 0.461940 0.555570 -1.103057
v 0.513280 0.382683 -1.026221
v 0.544895 0.195090 -0.978906
v 0.555570 0.000000 -0.962930
v 0.544895 -0.195090 -0.978906
v 0.513280 -0.382683 -1.026221
v 0.461940 -0.555570 -1.103057
v 0.392847 -0.707107 -1.206461
v 0.308658 -0.831470 -1.332459
v 0.212607 -0.923880 -1.476209
v 0.108386 -0.980785 -1.632187
v 0.074658 0.980785 -1.614159
v 0.146447 0.923880 -1.440846
v 0.212607 0.831470 -1.281119
v 0.270598 0.707107 -1.141118
v 0.318189 0.555570 -1.026221
v 0.353553 0.382683 -0.940846
v 0.375330 0.195090 -0.888272
v 0.382683 0.000000 -0.870520
v 0.375330 -0.195090 -0.888272
v 0.353553 -0.382683 -0.940846
v 0.318189 -0.555570 -1.026221
v 0.270598 -0.707107 -1.141118
v 0.212607 -0.831470 -1.281119
v 0.146447 -0.923880 -1.440846
v 0.074658 -0.980785 -1.614159
v 0.038060 0.980785 -1.603057
v 0.074658 0.923880 -1.419069
v 0.108386 0.831470 -1.249504
v 0.137950 0.707107 -1.100879
v 0.162212 0.555570 -0.978906
v 0.180240 0.382683 -0.888272
v 0.191342 0.195090 -0.832459
v 0.195090 0.000000 -0.813614
v 0.191342 -0.195090 -0.832459
v 0.180240 -0.382683 -0.888272
v 0.162212 -0.555570 -0.978906
v 0.137950 -0.707107 -1.100879
v 0.108386 -0.831470 -1.249504
v 0.074658 -0.923880 -1.419069
v 0.038060 -0.980785 -1.603057
v -0.000000 0.980785 -1.599309
v -0.000000 0.923880 -1.411716
v -0.000000 0.831470 -1.238829
v -0.000000 0.707107 -1.087292
v -0.000000 0.555570 -0.962930
v 0.000000 0.382683 -0.870520
v -0.000000 0.195090 -0.813614
v -0.000000 0.000000 -0.794400
v -0.000000 -0.195090 -0.813614
v 0.000000 -0.382683 -0.870520
v -0.000000 -0.555570 -0.962930
v -0.000000 -0.707107 -1.087292
v -0.000000 -0.831470 -1.238829
v -0.000000 -0.923880 -1.411716
v -0.000000 -0.980785 -1.599309
v -0.038060 0.980785 -1.603057
v -0.074658 0.923880 -1.419069
v -0.108386 0.831470 -1.249504
v -0.137950 0.707107 -1.100879
v -0.162212 0.555570 -0.978906
v -0.180240 0.382683 -0.888272
v -0.191342 0.195090 -0.832460
v -0.195091 0.000000 -0.813614
v -0.191342 -0.195090 -0.832460
v -0.180240 -0.382683 -0.888272
v -0.162212 -0.555570 -0.978906
v -0.137950 -0.707107 -1.100879
v -0.108386 -0.831470 -1.249504
v -0.074658 -0.923880 -1.419069
v -0.038060 -0.980785 -1.603057
v -0.074658 0.980785 -1.614159
v -0.146447 0.923880 -1.440846
v -0.212608 0.831470 -1.281119
v -0.270598 0.707107 -1.141118
v -0.318190 0.555570 -1.026222
v -0.353553 0.382683 -0.940846
v -0.375330 0.195090 -0.888272
v -0.382683 0.000000 -0.870520
v -0.375330 -0.195090 -0.888272
v -0.353553 -0.382683 -0.940846
v -0.318190 -0.555570 -1.026222
v -0.270598 -0.707107 -1.141118
v -0.212608 -0.831470 -1.281119
v -0.146447 -0.923880 -1.440846
v -0.074658 -0.980785 -1.614159
v -0.108386 0.980785 -1.632187
v -0.212608 0.923880 -1.476209
v -0.308658 0.831470 -1.332459
v -0.392847 0.707107 -1.206461
v -0.461940 0.555570 -1.103058
v -0.513280 0.382683 -1.026221
v -0.544895 0.195090 -0.978906
v -0.555570 0.000000 -0.962930
v -0.544895 -0.195090 -0.978906
v -0.513280 -0.382683 -1.026221
v -0.461940 -0.555570 -1.103058
v -0.392847 -0.707107 -1.206461
v -0.308658 -0.831470 -1.332459
v -0.212608 -0.923880 -1.476209
v -0.108386 -0.980785 -1.632187
v -0.137950 0.980785 -1.656449
v -0.270598 0.923880 -1.523801
v -0.392847 0.831470 -1.401552
v -0.500000 0.707107 -1.294399
v -0.587938 0.555570 -1.206461
v -0.653281 0.382683 -1.141118
v -0.693520 0.195090 -1.100879
v -0.707106 0.000000 -1.087293
v -0.693520 -0.195090 -1.100879
v -0.653281 -0.382683 -1.141118
v -0.587938 -0.555570 -1.206461
v -0.500000 -0.707107 -1.294399
v -0.392847 -0.831470 -1.401552
v -0.270598 -0.923880 -1.523801
v -0.137950 -0.980785 -1.656449
v -0.162212 0.980785 -1.686013
v -0.318190 0.923880 -1.581792
v -0.461940 0.831470 -1.485741
v -0.587938 0.707107 -1.401551
v -0.691341 0.555570 -1.332459
v -0.768177 0.382683 -1.281119
v -0.815493 0.195090 -1.249504
v -0.831469 0.000000 -1.238829
v -0.815493 -0.195090 -1.249504
v -0.768177 -0.382683 -1.281119
v -0.691341 -0.555570 -1.332459
v -0.587938 -0.707107 -1.401551
v -0.461940 -0.831470 -1.485741
v -0.318190 -0.923880 -1.581792
v -0.162212 -0.980785 -1.686013
v -0.180240 0.980785 -1.719741
v -0.353553 0.923880 -1.647952
v -0.513280 0.831470 -1.581792
v -0.653281 0.707107 -1.523801
v -0.768177 0.555570 -1.476210
v -0.853553 0.382683 -1.440846
v -0.906127 0.195090 -1.419069
v -0.923879 0.000000 -1.411716
v -0.906127 -0.195090 -1.419069
v -0.853553 -0.382683 -1.440846
v -0.768177 -0.555570 -1.476210
v -0.653281 -0.707107 -1.523801
v -0.513280 -0.831470 -1.581792
v -0.353553 -0.923880 -1.647952
v -0.180240 -0.980785 -1.719741
v -0.191342 0.980785 -1.756339
v -0.375330 0.923880 -1.719741
v -0.544895 0.831470 -1.686013
v -0.693520 0.707107 -1.656449
v -0.815493 0.555570 -1.632187
v -0.906127 0.382683 -1.614159
v -0.961939 0.195090 -1.603058
v -0.980784 0.000000 -1.599309
v -0.961939 -0.195090 -1.603058
v -0.906127 -0.382683 -1.614159
v -0.815493 -0.555570 -1.632187
v -0.693520 -0.707107 -1.656449
v -0.544895 -0.831470 -1.686013
v -0.375330 -0.923880 -1.719741
v -0.191342 -0.980785 -1.756339
v -0.195090 0.980785 -1.794399
v -0.382683 0.923880 -1.794399
v -0.555570 0.831470 -1.794399
v -0.707107 0.707107 -1.794399
v -0.831469 0.555570 -1.794399
v -0.923879 0.382683 -1.794399
v -0.980785 0.195090 -1.794399
v -0.999999 0.000000 -1.794399
v -0.980785 -0.195090 -1.794399
v -0.923879 -0.382683 -1.794399
v -0.831469 -0.555570 -1.794399
v -0.707107 -0.707107 -1.794399
v -0.555570 -0.831470 -1.794399
v -0.382683 -0.923880 -1.794399
v -0.195090 -0.980785 -1.794399
v -0.191342 0.980785 -1.832459
v -0.375330 0.923880 -1.869057
v -0.544895 0.831470 -1.902785
v -0.693520 0.707107 -1.932349
v -0.815493 0.555570 -1.956611
v -0.906127 0.382683 -1.974639
v -0.961939 0.195090 -1.985741
v -0.980784 0.000000 -1.989489
v -0.961939 -0.195090 -1.985741
v -0.906127 -0.382683 -1.974639
v -0.815493 -0.555570 -1.956611
v -0.693520 -0.707107 -1.932349
v -0.544895 -0.831470 -1.902785
v -0.375330 -0.923880 -1.869057
v -0.191342 -0.980785 -1.832459
v -0.180240 0.980785 -1.869057
v -0.353553 0.923880 -1.940845
v -0.513279 0.831470 -2.007006
v -0.653281 0.707107 -2.064997
v -0.768177 0.555570 -2.112588
v -0.853553 0.382683 -2.147952
v -0.906127 0.195090 -2.169729
v -0.923878 0.000000 -2.177082
v -0.906127 -0.195090 -2.169729
v -0.853553 -0.382683 -2.147952
v -0.768177 -0.555570 -2.112588
v -0.653281 -0.707107 -2.064997
v -0.513279 -0.831470 -2.007006
v -0.353553 -0.923880 -1.940845
v -0.180240 -0.980785 -1.869057
v -0.162212 0.980785 -1.902785
v -0.318189 0.923880 -2.007006
v -0.461939 0.831470 -2.103057
v -0.587938 0.707107 -2.187246
v -0.691341 0.555570 -2.256339
v -0.768177 0.382683 -2.307679
v -0.815493 0.195090 -2.339294
v -0.831468 0.000000 -2.349969
v -0.815493 -0.195090 -2.339294
v -0.768177 -0.382683 -2.307679
v -0.691341 -0.555570 -2.256339
v -0.587938 -0.707107 -2.187246
v -0.461939 -0.831470 -2.103057
v -0.318189 -0.923880 -2.007006
v -0.162212 -0.980785 -1.902785
v -0.137950 0.980785 -1.932348
v -0.270598 0.923880 -2.064997
v -0.392847 0.831470 -2.187246
v -0.500000 0.707107 -2.294399
v -0.587937 0.555570 -2.382336
v -0.653281 0.382683 -2.447680
v -0.693519 0.195090 -2.487919
v -0.707106 0.000000 -2.501505
v -0.693519 -0.195090 -2.487919
v -0.653281 -0.382683 -2.447680
v -0.587937 -0.555570 -2.382336
v -0.500000 -0.707107 -2.294399
v -0.392847 -0.831470 -2.187246
v -0.270598 -0.923880 -2.064997
v -0.137950 -0.980785 -1.932348
v -0.108386 0.980785 -1.956610
v -0.212607 0.923880 -2.112588
v -0.308658 0.831470 -2.256338
v -0.392847 0.707107 -2.382337
v -0.461939 0.555570 -2.485740
v -0.513280 0.382683 -2.562576
v -0.544895 0.195090 -2.609892
v -0.555569 0.000000 -2.625868
v -0.544895 -0.195090 -2.609892
v -0.513280 -0.382683 -2.562576
v -0.461939 -0.555570 -2.485740
v -0.392847 -0.707107 -2.382337
v -0.308658 -0.831470 -2.256338
v -0.212607 -0.923880 -2.112588
v -0.108386 -0.980785 -1.956610
v -0.074658 0.980785 -1.974639
v -0.146446 0.923880 -2.147952
v -0.212607 0.831470 -2.307678
v -0.270598 0.707107 -2.447680
v -0.318189 0.555570 -2.562576
v -0.353553 0.382683 -2.647952
v -0.375330 0.195090 -2.700526
v -0.382683 0.000000 -2.718277
v -0.375330 -0.195090 -2.700526
v -0.353553 -0.382683 -2.647952
v -0.318189 -0.555570 -2.562576
v -0.270598 -0.707107 -2.447680
v -0.212607 -0.831470 -2.307678
v -0.146446 -0.923880 -2.147952
v -0.074658 -0.980785 -1.974639
v -0.038060 0.980785 -1.985740
v -0.074658 0.923880 -2.169729
v -0.108386 0.831470 -2.339293
v -0.137950 0.707107 -2.487919
v -0.162211 0.555570 -2.609891
v -0.180240 0.382683 -2.700526
v -0.191341 0.195090 -2.756338
v -0.195090 0.000000 -2.775183
v -0.191341 -0.195090 -2.756338
v -0.180240 -0.382683 -2.700526
v -0.162211 -0.555570 -2.609891
v -0.137950 -0.707107 -2.487919
v -0.108386 -0.831470 -2.339293
v -0.074658 -0.923880 -2.169729
v -0.038060 -0.980785 -1.985740
v 0.000000 0.980785 -1.989489
v 0.000000 0.923880 -2.177082
v 0.000000 0.707107 -2.501505
v 0.000000 0.382683 -2.718278
v 0.000000 -0.382683 -2.718278
v 0.000000 -0.707107 -2.501505
v 0.000000 -0.831470 -2.349968
v 0.000000 -0.923880 -2.177082
v 0.000000 -0.980785 -1.989489
vn 0.0464 -0.8810 -0.4709
vn 0.0938 0.2890 -0.9527
vn 0.0286 -0.9565 -0.2902
vn 0.0975 0.0975 -0.9904
vn 0.0097 0.9951 -0.0980
vn 0.0097 -0.9951 -0.0980
vn 0.0975 -0.0976 -0.9904
vn 0.0286 0.9565 -0.2902
vn 0.0938 -0.2890 -0.9527
vn 0.0464 0.8810 -0.4709
vn 0.0865 -0.4696 -0.8786
vn 0.0624 0.7715 -0.6332
vn 0.0759 -0.6326 -0.7708
vn 0.0759 0.6326 -0.7708
vn 0.0624 -0.7715 -0.6332
vn 0.0865 0.4696 -0.8786
vn 0.1847 -0.7715 -0.6088
vn 0.2563 0.4696 -0.8448
vn 0.1374 -0.8810 -0.4528
vn 0.2779 0.2890 -0.9161
vn 0.0846 -0.9565 -0.2790
vn 0.2889 0.0976 -0.9524
vn 0.0286 0.9951 -0.0942
vn 0.0286 -0.9951 -0.0942
vn 0.2889 -0.0976 -0.9524
vn 0.0846 0.9565 -0.2790
vn 0.2779 -0.2890 -0.9161
vn 0.1374 0.8810 -0.4528
vn 0.2563 -0.4696 -0.8448
vn 0.1847 0.7715 -0.6088
vn 0.2248 -0.6326 -0.7412
vn 0.2248 0.6326 -0.7412
vn 0.1374 0.9565 -0.2571
vn 0.4513 -0.2890 -0.8443
vn 0.2231 0.8810 -0.4173
vn 0.4162 -0.4696 -0.7786
vn 0.2999 0.7715 -0.5611
vn 0.3651 -0.6326 -0.6831
vn 0.3651 0.6326 -0.6831
vn 0.2999 -0.7715 -0.5611
vn 0.4162 0.4696 -0.7786
vn 0.2230 -0.8810 -0.4173
vn 0.4513 0.2890 -0.8443
vn 0.1374 -0.9565 -0.2571
vn 0.4691 0.0975 -0.8777
vn 0.0464 0.9951 -0.0869
vn 0.0464 -0.9951 -0.0869
vn 0.4691 -0.0975 -0.8777
vn 0.5601 0.4696 -0.6825
vn 0.3002 -0.8810 -0.3658
vn 0.6073 0.2890 -0.7400
vn 0.1850 -0.9565 -0.2254
vn 0.6314 0.0975 -0.7693
vn 0.0625 0.9951 -0.0761
vn 0.0625 -0.9951 -0.0761
vn 0.6314 -0.0975 -0.7693
vn 0.1850 0.9565 -0.2254
vn 0.6073 -0.2890 -0.7400
vn 0.3002 0.8810 -0.3658
vn 0.5601 -0.4696 -0.6825
vn 0.4036 0.7715 -0.4918
vn 0.4913 -0.6326 -0.5987
vn 0.4913 0.6326 -0.5987
vn 0.4036 -0.7715 -0.4918
vn 0.7400 -0.2890 -0.6073
vn 0.3658 0.8810 -0.3002
vn 0.6825 -0.4696 -0.5601
vn 0.4918 0.7715 -0.4036
vn 0.5987 -0.6326 -0.4913
vn 0.5987 0.6326 -0.4913
vn 0.4918 -0.7715 -0.4036
vn 0.6825 0.4696 -0.5601
vn 0.3658 -0.8810 -0.3002
vn 0.7400 0.2890 -0.6073
vn 0.2254 -0.9566 -0.1850
vn 0.7693 0.0975 -0.6314
vn 0.0761 0.9951 -0.0625
vn 0.0761 -0.9951 -0.0625
vn 0.7693 -0.0975 -0.6314
vn 0.2254 0.9565 -0.1850
vn 0.4173 -0.8810 -0.2230
vn 0.8443 0.2890 -0.4513
vn 0.2571 -0.9565 -0.1374
vn 0.8777 0.0975 -0.4691
vn 0.0869 0.9951 -0.0464
vn 0.0869 -0.9951 -0.0464
vn 0.8777 -0.0975 -0.4691
vn 0.2571 0.9565 -0.1374
vn 0.8443 -0.2890 -0.4513
vn 0.4173 0.8810 -0.2230
vn 0.7786 -0.4696 -0.4162
vn 0.5611 0.7715 -0.2999
vn 0.6831 -0.6326 -0.3651
vn 0.6831 0.6326 -0.3651
vn 0.5611 -0.7715 -0.2999
vn 0.7786 0.4696 -0.4162
vn 0.8448 -0.4696 -0.2563
vn 0.6088 0.7715 -0.1847
vn 0.7412 -0.6326 -0.2248
vn 0.7412 0.6326 -0.2248
vn 0.6088 -0.7715 -0.1847
vn 0.8448 0.4696 -0.2563
vn 0.4528 -0.8810 -0.1374
vn 0.9161 0.2890 -0.2779
vn 0.2790 -0.9565 -0.0846
vn 0.9524 0.0975 -0.2889
vn 0.0942 0.9951 -0.0286
vn 0.0942 -0.9951 -0.0286
vn 0.9524 -0.0975 -0.2889
vn 0.2790 0.9565 -0.0846
vn 0.9161 -0.2890 -0.2779
vn 0.4528 0.8810 -0.1374
vn 0.2902 -0.9565 -0.0286
vn 0.9904 0.0975 -0.0975
vn 0.0980 0.9951 -0.0097
vn 0.0980 -0.9951 -0.0097
vn 0.9904 -0.0975 -0.0975
vn 0.2902 0.9565 -0.0286
vn 0.9527 -0.2890 -0.0938
vn 0.4709 0.8810 -0.0464
vn 0.8786 -0.4696 -0.0865
vn 0.6332 0.7715 -0.0624
vn 0.7708 -0.6326 -0.0759
vn 0.7708 0.6326 -0.0759
vn 0.6332 -0.7715 -0.0624
vn 0.8786 0.4696 -0.0865
vn 0.4709 -0.8810 -0.0464
vn 0.9527 0.2890 -0.0938
vn 0.6332 0.7715 0.0624
vn 0.7708 -0.6326 0.0759
vn 0.7708 0.6326 0.0759
vn 0.6332 -0.7715 0.0624
vn 0.8786 0.4696 0.0865
vn 0.4709 -0.8810 0.0464
vn 0.9527 0.2890 0.0938
vn 0.2902 -0.9565 0.0286
vn 0.9904 0.0975 0.0976
vn 0.0980 0.9951 0.0097
vn 0.0980 -0.9951 0.0097
vn 0.9904 -0.0975 0.0976
vn 0.2902 0.9565 0.0286
vn 0.9527 -0.2890 0.0938
vn 0.4709 0.8810 0.0464
vn 0.8786 -0.4696 0.0865
vn 0.9524 0.0975 0.2889
vn 0.0942 0.9951 0.0286
vn 0.0942 -0.9951 0.0286
vn 0.9524 -0.0975 0.2889
vn 0.2790 0.9565 0.0846
vn 0.9161 -0.2890 0.2779
vn 0.4528 0.8810 0.1374
vn 0.8448 -0.4696 0.2563
vn 0.6088 0.7715 0.1847
vn 0.7412 -0.6326 0.2248
vn 0.7412 0.6326 0.2248
vn 0.6088 -0.7715 0.1847
vn 0.8448 0.4696 0.2563
vn 0.4528 -0.8810 0.1374
vn 0.9161 0.2890 0.2779
vn 0.2790 -0.9565 0.0846
vn 0.6831 -0.6326 0.3651
vn 0.6831 0.6326 0.3651
vn 0.5611 -0.7715 0.2999
vn 0.7786 0.4696 0.4162
vn 0.4173 -0.8810 0.2230
vn 0.8443 0.2890 0.4513
vn 0.2571 -0.9565 0.1374
vn 0.8777 0.0975 0.4691
vn 0.0869 0.9951 0.0464
vn 0.0869 -0.9951 0.0464
vn 0.8777 -0.0975 0.4691
vn 0.2571 0.9565 0.1374
vn 0.8443 -0.2890 0.4513
vn 0.4173 0.8810 0.2231
vn 0.7786 -0.4696 0.4162
vn 0.5611 0.7715 0.2999
vn 0.0761 0.9951 0.0625
vn 0.0761 -0.9951 0.0625
vn 0.7693 -0.0975 0.6314
vn 0.2254 0.9565 0.1850
vn 0.7400 -0.2890 0.6073
vn 0.3658 0.8810 0.3002
vn 0.6825 -0.4696 0.5601
vn 0.4918 0.7715 0.4036
vn 0.5987 -0.6326 0.4913
vn 0.5987 0.6326 0.4913
vn 0.4918 -0.7715 0.4036
vn 0.6825 0.4696 0.5601
vn 0.3658 -0.8810 0.3002
vn 0.7400 0.2890 0.6073
vn 0.2254 -0.9565 0.1850
vn 0.7693 0.0975 0.6314
vn 0.4913 0.6326 0.5987
vn 0.4036 -0.7715 0.4918
vn 0.5601 0.4696 0.6825
vn 0.3002 -0.8810 0.3658
vn 0.6073 0.2890 0.7400
vn 0.1850 -0.9565 0.2254
vn 0.6314 0.0975 0.7693
vn 0.0625 0.9951 0.0761
vn 0.0625 -0.9951 0.0761
vn 0.6314 -0.0975 0.7693
vn 0.1850 0.9565 0.2254
vn 0.6073 -0.2890 0.7400
vn 0.3002 0.8810 0.3658
vn 0.5601 -0.4696 0.6825
vn 0.4036 0.7715 0.4918
vn 0.4913 -0.6326 0.5987
vn 0.4691 -0.0975 0.8777
vn 0.1374 0.9565 0.2571
vn 0.4513 -0.2890 0.8443
vn 0.2230 0.8810 0.4173
vn 0.4162 -0.4696 0.7786
vn 0.2999 0.7715 0.5611
vn 0.3651 -0.6326 0.6831
vn 0.3651 0.6326 0.6831
vn 0.2999 -0.7715 0.5611
vn 0.4162 0.4696 0.7786
vn 0.2230 -0.8810 0.4173
vn 0.4513 0.2890 0.8443
vn 0.1374 -0.9565 0.2571
vn 0.4691 0.0975 0.8777
vn 0.0464 0.9951 0.0869
vn 0.0464 -0.9951 0.0869
vn 0.1847 -0.7715 0.6088
vn 0.2563 0.4696 0.8448
vn 0.1374 -0.8810 0.4528
vn 0.2779 0.2890 0.9161
vn 0.0846 -0.9565 0.2790
vn 0.2889 0.0975 0.9524
vn 0.0286 0.9951 0.0942
vn 0.0286 -0.9951 0.0942
vn 0.2889 -0.0975 0.9524
vn 0.0846 0.9565 0.2790
vn 0.2779 -0.2890 0.9161
vn 0.1374 0.8810 0.4528
vn 0.2563 -0.4696 0.8448
vn 0.1847 0.7715 0.6088
vn 0.2248 -0.6326 0.7412
vn 0.2248 0.6326 0.7412
vn 0.0938 -0.2890 0.9527
vn 0.0464 0.8810 0.4709
vn 0.0865 -0.4696 0.8786
vn 0.0624 0.7715 0.6332
vn 0.0759 -0.6326 0.7708
vn 0.0759 0.6326 0.7708
vn 0.0624 -0.7715 0.6332
vn 0.0865 0.4696 0.8786
vn 0.0464 -0.8810 0.4709
vn 0.0938 0.2890 0.9527
vn 0.0286 -0.9565 0.2902
vn 0.0975 0.0975 0.9904
vn 0.0097 0.9951 0.0980
vn 0.0097 -0.9951 0.0980
vn 0.0975 -0.0975 0.9904
vn 0.0286 0.9565 0.2902
vn -0.0464 -0.8810 0.4709
vn -0.0938 0.2890 0.9527
vn -0.0286 -0.9565 0.2902
vn -0.0976 0.0975 0.9904
vn -0.0097 0.9951 0.0980
vn -0.0097 -0.9951 0.0980
vn -0.0975 -0.0975 0.9904
vn -0.0286 0.9565 0.2902
vn -0.0938 -0.2890 0.9527
vn -0.0464 0.8810 0.4709
vn -0.0865 -0.4696 0.8786
vn -0.0624 0.7715 0.6332
vn -0.0759 -0.6326 0.7708
vn -0.0759 0.6326 0.7708
vn -0.0624 -0.7715 0.6332
vn -0.0865 0.4696 0.8786
vn -0.1374 0.8810 0.4528
vn -0.2563 -0.4696 0.8448
vn -0.1847 0.7715 0.6088
vn -0.2248 -0.6326 0.7412
vn -0.2248 0.6326 0.7412
vn -0.1847 -0.7715 0.6088
vn -0.2563 0.4696 0.8448
vn -0.1374 -0.8810 0.4528
vn -0.2779 0.2890 0.9161
vn -0.0846 -0.9565 0.2790
vn -0.2889 0.0975 0.9524
vn -0.0286 0.9951 0.0942
vn -0.0286 -0.9951 0.0942
vn -0.2889 -0.0975 0.9524
vn -0.0846 0.9565 0.2790
vn -0.2779 -0.2890 0.9161
vn -0.4513 0.2890 0.8443
vn -0.1374 -0.9565 0.2571
vn -0.4691 0.0975 0.8777
vn -0.0464 0.9951 0.0869
vn -0.0464 -0.9951 0.0869
vn -0.4691 -0.0975 0.8777
vn -0.1374 0.9565 0.2571
vn -0.4513 -0.2890 0.8443
vn -0.2230 0.8810 0.4173
vn -0.4162 -0.4696 0.7786
vn -0.2999 0.7715 0.5611
vn -0.3651 -0.6326 0.6831
vn -0.3651 0.6326 0.6831
vn -0.2999 -0.7715 0.5611
vn -0.4162 0.4696 0.7786
vn -0.2230 -0.8810 0.4173
vn -0.5601 -0.4696 0.6825
vn -0.4036 0.7715 0.4918
vn -0.4913 -0.6326 0.5987
vn -0.4913 0.6326 0.5987
vn -0.4036 -0.7715 0.4918
vn -0.5601 0.4696 0.6825
vn -0.3002 -0.8810 0.3658
vn -0.6073 0.2890 0.7400
vn -0.1850 -0.9565 0.2254
vn -0.6314 0.0975 0.7693
vn -0.0625 0.9951 0.0761
vn -0.0625 -0.9951 0.0761
vn -0.6314 -0.0975 0.7693
vn -0.1850 0.9565 0.2254
vn -0.6073 -0.2890 0.7400
vn -0.3002 0.8810 0.3658
vn -0.2254 -0.9566 0.1850
vn -0.7693 0.0975 0.6314
vn -0.0761 0.9951 0.0625
vn -0.0761 -0.9951 0.0625
vn -0.7693 -0.0975 0.6314
vn -0.2254 0.9565 0.1850
vn -0.7400 -0.2890 0.6073
vn -0.3658 0.8810 0.3002
vn -0.6825 -0.4696 0.5601
vn -0.4918 0.7715 0.4036
vn -0.5987 -0.6326 0.4913
vn -0.5987 0.6326 0.4913
vn -0.4918 -0.7715 0.4036
vn -0.6825 0.4696 0.5601
vn -0.3658 -0.8810 0.3002
vn -0.7400 0.2890 0.6073
vn -0.5611 0.7715 0.2999
vn -0.6831 -0.6326 0.3651
vn -0.6831 0.6326 0.3651
vn -0.5611 -0.7715 0.2999
vn -0.7786 0.4696 0.4162
vn -0.4173 -0.8810 0.2231
vn -0.8443 0.2890 0.4513
vn -0.2571 -0.9565 0.1374
vn -0.8777 0.0975 0.4691
vn -0.0869 0.9951 0.0464
vn -0.0869 -0.9951 0.0464
vn -0.8777 -0.0975 0.4691
vn -0.2571 0.9565 0.1374
vn -0.8443 -0.2890 0.4513
vn -0.4173 0.8810 0.2230
vn -0.7786 -0.4696 0.4162
vn -0.9524 0.0975 0.2889
vn -0.0942 0.9951 0.0286
vn -0.0942 -0.9951 0.0286
vn -0.9524 -0.0975 0.2889
vn -0.2790 0.9565 0.0846
vn -0.9161 -0.2890 0.2779
vn -0.4528 0.8810 0.1374
vn -0.8448 -0.4696 0.2563
vn -0.6088 0.7715 0.1847
vn -0.7412 -0.6326 0.2248
vn -0.7412 0.6326 0.2248
vn -0.6088 -0.7715 0.1847
vn -0.8448 0.4696 0.2563
vn -0.4528 -0.8810 0.1374
vn -0.9161 0.2890 0.2779
vn -0.2790 -0.9565 0.0846
vn -0.7708 -0.6326 0.0759
vn -0.7708 0.6326 0.0759
vn -0.6332 -0.7715 0.0624
vn -0.8786 0.4696 0.0865
vn -0.4709 -0.8810 0.0464
vn -0.9527 0.2890 0.0938
vn -0.2902 -0.9565 0.0286
vn -0.9904 0.0975 0.0975
vn -0.0980 0.9951 0.0097
vn -0.0980 -0.9951 0.0097
vn -0.9904 -0.0975 0.0976
vn -0.2902 0.9565 0.0286
vn -0.9527 -0.2890 0.0938
vn -0.4709 0.8810 0.0464
vn -0.8786 -0.4696 0.0865
vn -0.6332 0.7715 0.0624
vn -0.0980 -0.9951 -0.0097
vn -0.9904 -0.0975 -0.0976
vn -0.2902 0.9565 -0.0286
vn -0.9527 -0.2890 -0.0938
vn -0.4709 0.8810 -0.0464
vn -0.8786 -0.4696 -0.0865
vn -0.6332 0.7715 -0.0624
vn -0.7708 -0.6326 -0.0759
vn -0.7708 0.6326 -0.0759
vn -0.6332 -0.7715 -0.0624
vn -0.8786 0.4696 -0.0865
vn -0.4709 -0.8810 -0.0464
vn -0.9527 0.2890 -0.0938
vn -0.2902 -0.9565 -0.0286
vn -0.9904 0.0975 -0.0975
vn -0.0980 0.9951 -0.0097
vn -0.6088 -0.7715 -0.1847
vn -0.8448 0.4696 -0.2563
vn -0.4528 -0.8810 -0.1374
vn -0.9161 0.2890 -0.2779
vn -0.2790 -0.9565 -0.0846
vn -0.9524 0.0975 -0.2889
vn -0.0942 0.9951 -0.0286
vn -0.0942 -0.9951 -0.0286
vn -0.9524 -0.0975 -0.2889
vn -0.2790 0.9565 -0.0846
vn -0.9161 -0.2890 -0.2779
vn -0.4528 0.8810 -0.1374
vn -0.8448 -0.4696 -0.2563
vn -0.6088 0.7715 -0.1847
vn -0.7412 -0.6326 -0.2248
vn -0.7412 0.6326 -0.2248
vn -0.2571 0.9565 -0.1374
vn -0.8443 -0.2890 -0.4513
vn -0.4173 0.8810 -0.2231
vn -0.7786 -0.4696 -0.4162
vn -0.5611 0.7715 -0.2999
vn -0.6831 -0.6326 -0.3651
vn -0.6831 0.6326 -0.3651
vn -0.5611 -0.7715 -0.2999
vn -0.7786 0.4696 -0.4162
vn -0.4173 -0.8810 -0.2231
vn -0.8443 0.2890 -0.4513
vn -0.2571 -0.9565 -0.1374
vn -0.8777 0.0975 -0.4691
vn -0.0869 0.9951 -0.0464
vn -0.0869 -0.9951 -0.0464
vn -0.8777 -0.0975 -0.4691
vn -0.6825 0.4696 -0.5601
vn -0.3658 -0.8810 -0.3002
vn -0.7400 0.2890 -0.6073
vn -0.2254 -0.9565 -0.1850
vn -0.7693 0.0975 -0.6314
vn -0.0761 0.9951 -0.0625
vn -0.0761 -0.9951 -0.0625
vn -0.7693 -0.0975 -0.6314
vn -0.2254 0.9565 -0.1850
vn -0.7400 -0.2890 -0.6073
vn -0.3658 0.8810 -0.3002
vn -0.6825 -0.4696 -0.5601
vn -0.4918 0.7715 -0.4036
vn -0.5987 -0.6326 -0.4913
vn -0.5987 0.6326 -0.4913
vn -0.4918 -0.7715 -0.4036
vn -0.6073 -0.2890 -0.7400
vn -0.3002 0.8810 -0.3658
vn -0.5601 -0.4696 -0.6825
vn -0.4036 0.7715 -0.4918
vn -0.4913 -0.6326 -0.5987
vn -0.4913 0.6326 -0.5987
vn -0.4036 -0.7715 -0.4918
vn -0.5601 0.4696 -0.6825
vn -0.3002 -0.8810 -0.3658
vn -0.6073 0.2890 -0.7400
vn -0.1850 -0.9565 -0.2254
vn -0.6314 0.0975 -0.7693
vn -0.0625 0.9951 -0.0761
vn -0.0625 -0.9951 -0.0761
vn -0.6314 -0.0975 -0.7693
vn -0.1850 0.9565 -0.2254
vn -0.2230 -0.8810 -0.4173
vn -0.4513 0.2890 -0.8443
vn -0.1374 -0.9565 -0.2571
vn -0.4691 0.0975 -0.8777
vn -0.0464 0.9951 -0.0869
vn -0.0464 -0.9951 -0.0869
vn -0.4691 -0.0975 -0.8777
vn -0.1374 0.9565 -0.2571
vn -0.4513 -0.2890 -0.8443
vn -0.2230 0.8810 -0.4173
vn -0.4162 -0.4696 -0.7786
vn -0.2999 0.7715 -0.5611
vn -0.3651 -0.6326 -0.6831
vn -0.3651 0.6326 -0.6831
vn -0.2999 -0.7715 -0.5611
vn -0.4162 0.4696 -0.7786
vn -0.1374 0.8810 -0.4528
vn -0.2563 -0.4696 -0.8448
vn -0.1847 0.7715 -0.6088
vn -0.2248 -0.6326 -0.7412
vn -0.2248 0.6326 -0.7412
vn -0.1847 -0.7715 -0.6088
vn -0.2563 0.4696 -0.8448
vn -0.1374 -0.8810 -0.4528
vn -0.2779 0.2890 -0.9161
vn -0.0846 -0.9565 -0.2790
vn -0.2889 0.0975 -0.9524
vn -0.0286 0.9951 -0.0942
vn -0.0286 -0.9951 -0.0942
vn -0.2889 -0.0975 -0.9524
vn -0.0846 0.9565 -0.2790
vn -0.2779 -0.2890 -0.9161
vn -0.0938 0.2890 -0.9527
vn -0.0286 -0.9565 -0.2902
vn -0.0976 0.0975 -0.9904
vn -0.0097 0.9951 -0.0980
vn -0.0097 -0.9951 -0.0980
vn -0.0976 -0.0975 -0.9904
vn -0.0286 0.9565 -0.2902
vn -0.0938 -0.2890 -0.9527
vn -0.0464 0.8810 -0.4709
vn -0.0865 -0.4696 -0.8786
vn -0.0624 0.7715 -0.6332
vn -0.0759 -0.6326 -0.7708
vn -0.0759 0.6326 -0.7708
vn -0.0624 -0.7715 -0.6332
vn -0.0865 0.4696 -0.8786
vn -0.0464 -0.8810 -0.4709
vn 0.0975 0.0976 -0.9904
vn 0.0975 -0.0975 -0.9904
vn 0.2230 0.8810 -0.4173
vn 0.2231 -0.8810 -0.4173
vn 0.2254 -0.9565 -0.1850
vn 0.4173 -0.8810 0.2231
vn 0.4173 0.8810 0.2230
vn 0.2231 -0.8810 0.4173
vn -0.0975 0.0975 0.9904
vn -0.0976 -0.0975 0.9904
vn -0.2231 0.8810 0.4173
vn -0.2231 -0.8810 0.4173
vn -0.2254 -0.9565 0.1850
vn -0.4173 -0.8810 0.2230
vn -0.9904 0.0975 0.0976
vn -0.9904 -0.0975 0.0975
vn -0.9904 -0.0975 -0.0975
vn -0.9904 0.0975 -0.0976
vt 0.750000 0.187500
vt 0.718750 0.125000
vt 0.750000 0.125000
vt 0.750000 0.562500
vt 0.718750 0.625000
vt 0.718750 0.562500
vt 0.718750 0.062500
vt 0.750000 0.062500
vt 0.718750 0.500000
vt 0.750000 0.500000
vt 0.750000 0.937500
vt 0.734375 1.000000
vt 0.718750 0.937500
vt 0.734375 0.000000
vt 0.718750 0.437500
vt 0.750000 0.437500
vt 0.750000 0.875000
vt 0.718750 0.875000
vt 0.718750 0.375000
vt 0.750000 0.375000
vt 0.750000 0.812500
vt 0.718750 0.812500
vt 0.718750 0.312500
vt 0.750000 0.312500
vt 0.750000 0.750000
vt 0.718750 0.750000
vt 0.718750 0.250000
vt 0.750000 0.250000
vt 0.750000 0.687500
vt 0.718750 0.687500
vt 0.718750 0.187500
vt 0.750000 0.625000
vt 0.687500 0.250000
vt 0.687500 0.187500
vt 0.687500 0.625000
vt 0.687500 0.125000
vt 0.687500 0.562500
vt 0.687500 0.062500
vt 0.687500 0.500000
vt 0.703125 1.000000
vt 0.687500 0.937500
vt 0.703125 0.000000
vt 0.687500 0.437500
vt 0.687500 0.875000
vt 0.687500 0.375000
vt 0.687500 0.812500
vt 0.687500 0.312500
vt 0.687500 0.750000
vt 0.687500 0.687500
vt 0.656250 0.875000
vt 0.656250 0.375000
vt 0.656250 0.812500
vt 0.656250 0.312500
vt 0.656250 0.750000
vt 0.656250 0.250000
vt 0.656250 0.687500
vt 0.656250 0.187500
vt 0.656250 0.625000
vt 0.656250 0.125000
vt 0.656250 0.562500
vt 0.656250 0.062500
vt 0.656250 0.500000
vt 0.671875 1.000000
vt 0.656250 0.937500
vt 0.671875 0.000000
vt 0.656250 0.437500
vt 0.625000 0.625000
vt 0.625000 0.125000
vt 0.625000 0.562500
vt 0.625000 0.062500
vt 0.625000 0.500000
vt 0.640625 1.000000
vt 0.625000 0.937500
vt 0.640625 0.000000
vt 0.625000 0.437500
vt 0.625000 0.875000
vt 0.625000 0.375000
vt 0.625000 0.812500
vt 0.625000 0.312500
vt 0.625000 0.750000
vt 0.625000 0.250000
vt 0.625000 0.687500
vt 0.625000 0.187500
vt 0.593750 0.375000
vt 0.593750 0.812500
vt 0.593750 0.312500
vt 0.593750 0.750000
vt 0.593750 0.250000
vt 0.593750 0.687500
vt 0.593750 0.187500
vt 0.593750 0.625000
vt 0.593750 0.125000
vt 0.593750 0.562500
vt 0.593750 0.062500
vt 0.593750 0.500000
vt 0.609375 1.000000
vt 0.593750 0.937500
vt 0.609375 0.000000
vt 0.593750 0.437500
vt 0.593750 0.875000
vt 0.562500 0.125000
vt 0.562500 0.625000
vt 0.562500 0.562500
vt 0.562500 0.062500
vt 0.562500 0.500000
vt 0.578125 1.000000
vt 0.562500 0.937500
vt 0.578125 0.000000
vt 0.562500 0.437500
vt 0.562500 0.875000
vt 0.562500 0.375000
vt 0.562500 0.812500
vt 0.562500 0.312500
vt 0.562500 0.750000
vt 0.562500 0.250000
vt 0.562500 0.687500
vt 0.562500 0.187500
vt 0.531250 0.375000
vt 0.531250 0.312500
vt 0.531250 0.750000
vt 0.531250 0.250000
vt 0.531250 0.687500
vt 0.531250 0.187500
vt 0.531250 0.625000
vt 0.531250 0.125000
vt 0.531250 0.562500
vt 0.531250 0.062500
vt 0.531250 0.500000
vt 0.546875 1.000000
vt 0.531250 0.937500
vt 0.546875 0.000000
vt 0.531250 0.437500
vt 0.531250 0.875000
vt 0.531250 0.812500
vt 0.500000 0.062500
vt 0.500000 0.562500
vt 0.500000 0.500000
vt 0.515625 1.000000
vt 0.500000 0.937500
vt 0.515625 0.000000
vt 0.500000 0.437500
vt 0.500000 0.875000
vt 0.500000 0.375000
vt 0.500000 0.812500
vt 0.500000 0.312500
vt 0.500000 0.750000
vt 0.500000 0.250000
vt 0.500000 0.687500
vt 0.500000 0.187500
vt 0.500000 0.625000
vt 0.500000 0.125000
vt 0.468750 0.750000
vt 0.468750 0.250000
vt 0.468750 0.687500
vt 0.468750 0.187500
vt 0.468750 0.625000
vt 0.468750 0.125000
vt 0.468750 0.562500
vt 0.468750 0.062500
vt 0.468750 0.500000
vt 0.484375 1.000000
vt 0.468750 0.937500
vt 0.484375 0.000000
vt 0.468750 0.437500
vt 0.468750 0.875000
vt 0.468750 0.375000
vt 0.468750 0.812500
vt 0.468750 0.312500
vt 0.437500 0.562500
vt 0.437500 0.500000
vt 0.453125 1.000000
vt 0.437500 0.937500
vt 0.453125 0.000000
vt 0.437500 0.062500
vt 0.437500 0.437500
vt 0.437500 0.875000
vt 0.437500 0.375000
vt 0.437500 0.812500
vt 0.437500 0.312500
vt 0.437500 0.750000
vt 0.437500 0.250000
vt 0.437500 0.687500
vt 0.437500 0.187500
vt 0.437500 0.625000
vt 0.437500 0.125000
vt 0.406250 0.250000
vt 0.406250 0.750000
vt 0.406250 0.687500
vt 0.406250 0.187500
vt 0.406250 0.625000
vt 0.406250 0.125000
vt 0.406250 0.562500
vt 0.406250 0.062500
vt 0.406250 0.500000
vt 0.421875 1.000000
vt 0.406250 0.937500
vt 0.421875 0.000000
vt 0.406250 0.437500
vt 0.406250 0.875000
vt 0.406250 0.375000
vt 0.406250 0.812500
vt 0.406250 0.312500
vt 0.390625 1.000000
vt 0.375000 0.937500
vt 0.390625 0.000000
vt 0.375000 0.062500
vt 0.375000 0.437500
vt 0.375000 0.875000
vt 0.375000 0.375000
vt 0.375000 0.812500
vt 0.375000 0.312500
vt 0.375000 0.750000
vt 0.375000 0.250000
vt 0.375000 0.687500
vt 0.375000 0.187500
vt 0.375000 0.625000
vt 0.375000 0.125000
vt 0.375000 0.562500
vt 0.375000 0.500000
vt 0.343750 0.750000
vt 0.343750 0.687500
vt 0.343750 0.250000
vt 0.343750 0.187500
vt 0.343750 0.625000
vt 0.343750 0.125000
vt 0.343750 0.562500
vt 0.343750 0.062500
vt 0.343750 0.500000
vt 0.359375 1.000000
vt 0.343750 0.937500
vt 0.359375 0.000000
vt 0.343750 0.437500
vt 0.343750 0.875000
vt 0.343750 0.375000
vt 0.343750 0.812500
vt 0.343750 0.312500
vt 0.312500 0.437500
vt 0.312500 0.875000
vt 0.312500 0.375000
vt 0.312500 0.812500
vt 0.312500 0.312500
vt 0.312500 0.750000
vt 0.312500 0.250000
vt 0.312500 0.687500
vt 0.312500 0.187500
vt 0.312500 0.625000
vt 0.312500 0.125000
vt 0.312500 0.562500
vt 0.312500 0.062500
vt 0.312500 0.500000
vt 0.328125 1.000000
vt 0.312500 0.937500
vt 0.328125 0.000000
vt 0.281250 0.250000
vt 0.281250 0.187500
vt 0.281250 0.625000
vt 0.281250 0.125000
vt 0.281250 0.562500
vt 0.281250 0.062500
vt 0.281250 0.500000
vt 0.296875 1.000000
vt 0.281250 0.937500
vt 0.296875 0.000000
vt 0.281250 0.437500
vt 0.281250 0.875000
vt 0.281250 0.375000
vt 0.281250 0.812500
vt 0.281250 0.312500
vt 0.281250 0.750000
vt 0.281250 0.687500
vt 0.250000 0.375000
vt 0.250000 0.875000
vt 0.250000 0.812500
vt 0.250000 0.312500
vt 0.250000 0.750000
vt 0.250000 0.250000
vt 0.250000 0.687500
vt 0.250000 0.187500
vt 0.250000 0.625000
vt 0.250000 0.125000
vt 0.250000 0.562500
vt 0.250000 0.062500
vt 0.250000 0.500000
vt 0.265625 1.000000
vt 0.250000 0.937500
vt 0.265625 0.000000
vt 0.250000 0.437500
vt 0.218750 0.125000
vt 0.218750 0.625000
vt 0.218750 0.562500
vt 0.218750 0.062500
vt 0.218750 0.500000
vt 0.234375 1.000000
vt 0.218750 0.937500
vt 0.234375 0.000000
vt 0.218750 0.437500
vt 0.218750 0.875000
vt 0.218750 0.375000
vt 0.218750 0.812500
vt 0.218750 0.312500
vt 0.218750 0.750000
vt 0.218750 0.250000
vt 0.218750 0.687500
vt 0.218750 0.187500
vt 0.187500 0.812500
vt 0.187500 0.375000
vt 0.187500 0.312500
vt 0.187500 0.750000
vt 0.187500 0.250000
vt 0.187500 0.687500
vt 0.187500 0.187500
vt 0.187500 0.625000
vt 0.187500 0.125000
vt 0.187500 0.562500
vt 0.187500 0.062500
vt 0.187500 0.500000
vt 0.203125 1.000000
vt 0.187500 0.937500
vt 0.203125 0.000000
vt 0.187500 0.437500
vt 0.187500 0.875000
vt 0.156250 0.625000
vt 0.156250 0.562500
vt 0.156250 0.125000
vt 0.156250 0.062500
vt 0.156250 0.500000
vt 0.171875 1.000000
vt 0.156250 0.937500
vt 0.171875 0.000000
vt 0.156250 0.437500
vt 0.156250 0.875000
vt 0.156250 0.375000
vt 0.156250 0.812500
vt 0.156250 0.312500
vt 0.156250 0.750000
vt 0.156250 0.250000
vt 0.156250 0.687500
vt 0.156250 0.187500
vt 0.125000 0.375000
vt 0.125000 0.312500
vt 0.125000 0.750000
vt 0.125000 0.250000
vt 0.125000 0.687500
vt 0.125000 0.187500
vt 0.125000 0.625000
vt 0.125000 0.125000
vt 0.125000 0.562500
vt 0.125000 0.062500
vt 0.125000 0.500000
vt 0.140625 1.000000
vt 0.125000 0.937500
vt 0.140625 0.000000
vt 0.125000 0.437500
vt 0.125000 0.875000
vt 0.125000 0.812500
vt 0.093750 0.062500
vt 0.093750 0.562500
vt 0.093750 0.500000
vt 0.109375 1.000000
vt 0.093750 0.937500
vt 0.109375 0.000000
vt 0.093750 0.437500
vt 0.093750 0.875000
vt 0.093750 0.375000
vt 0.093750 0.812500
vt 0.093750 0.312500
vt 0.093750 0.750000
vt 0.093750 0.250000
vt 0.093750 0.687500
vt 0.093750 0.187500
vt 0.093750 0.625000
vt 0.093750 0.125000
vt 0.062500 0.750000
vt 0.062500 0.250000
vt 0.062500 0.687500
vt 0.062500 0.187500
vt 0.062500 0.625000
vt 0.062500 0.125000
vt 0.062500 0.562500
vt 0.062500 0.062500
vt 0.062500 0.500000
vt 0.078125 1.000000
vt 0.062500 0.937500
vt 0.078125 0.000000
vt 0.062500 0.437500
vt 0.062500 0.875000
vt 0.062500 0.375000
vt 0.062500 0.812500
vt 0.062500 0.312500
vt 0.031250 0.562500
vt 0.031250 0.500000
vt 0.046875 1.000000
vt 0.031250 0.937500
vt 0.046875 0.000000
vt 0.031250 0.062500
vt 0.031250 0.437500
vt 0.031250 0.875000
vt 0.031250 0.375000
vt 0.031250 0.812500
vt 0.031250 0.312500
vt 0.031250 0.750000
vt 0.031250 0.250000
vt 0.031250 0.687500
vt 0.031250 0.187500
vt 0.031250 0.625000
vt 0.031250 0.125000
vt 0.000000 0.250000
vt 0.000000 0.750000
vt 0.000000 0.687500
vt 0.000000 0.187500
vt 0.000000 0.625000
vt 0.000000 0.125000
vt 0.000000 0.562500
vt 0.000000 0.062500
vt 0.000000 0.500000
vt 0.015625 1.000000
vt 0.000000 0.937500
vt 0.015625 0.000000
vt 0.000000 0.437500
vt 0.000000 0.875000
vt 0.000000 0.375000
vt 0.000000 0.812500
vt 0.000000 0.312500
vt 0.984375 0.000000
vt 1.000000 0.062500
vt 0.968750 0.062500
vt 1.000000 0.500000
vt 0.968750 0.437500
vt 1.000000 0.437500
vt 1.000000 0.937500
vt 0.968750 0.875000
vt 1.000000 0.875000
vt 0.968750 0.375000
vt 1.000000 0.375000
vt 1.000000 0.812500
vt 0.968750 0.812500
vt 1.000000 0.312500
vt 0.968750 0.312500
vt 0.968750 0.750000
vt 1.000000 0.750000
vt 0.968750 0.250000
vt 1.000000 0.250000
vt 1.000000 0.687500
vt 0.968750 0.687500
vt 1.000000 0.187500
vt 0.968750 0.187500
vt 0.968750 0.625000
vt 1.000000 0.625000
vt 0.968750 0.125000
vt 1.000000 0.125000
vt 1.000000 0.562500
vt 0.968750 0.562500
vt 0.968750 0.500000
vt 0.984375 1.000000
vt 0.968750 0.937500
vt 0.937500 0.250000
vt 0.937500 0.187500
vt 0.937500 0.625000
vt 0.937500 0.125000
vt 0.937500 0.562500
vt 0.937500 0.062500
vt 0.937500 0.500000
vt 0.953125 1.000000
vt 0.937500 0.937500
vt 0.953125 0.000000
vt 0.937500 0.437500
vt 0.937500 0.875000
vt 0.937500 0.375000
vt 0.937500 0.812500
vt 0.937500 0.312500
vt 0.937500 0.750000
vt 0.937500 0.687500
vt 0.906250 0.937500
vt 0.906250 0.875000
vt 0.906250 0.375000
vt 0.906250 0.812500
vt 0.906250 0.312500
vt 0.906250 0.750000
vt 0.906250 0.250000
vt 0.906250 0.687500
vt 0.906250 0.187500
vt 0.906250 0.625000
vt 0.906250 0.125000
vt 0.906250 0.562500
vt 0.906250 0.062500
vt 0.906250 0.500000
vt 0.921875 1.000000
vt 0.921875 0.000000
vt 0.906250 0.437500
vt 0.875000 0.625000
vt 0.875000 0.125000
vt 0.875000 0.562500
vt 0.875000 0.062500
vt 0.875000 0.500000
vt 0.890625 1.000000
vt 0.875000 0.937500
vt 0.890625 0.000000
vt 0.875000 0.437500
vt 0.875000 0.875000
vt 0.875000 0.375000
vt 0.875000 0.812500
vt 0.875000 0.312500
vt 0.875000 0.750000
vt 0.875000 0.250000
vt 0.875000 0.687500
vt 0.875000 0.187500
vt 0.843750 0.375000
vt 0.843750 0.875000
vt 0.843750 0.812500
vt 0.843750 0.312500
vt 0.843750 0.750000
vt 0.843750 0.250000
vt 0.843750 0.687500
vt 0.843750 0.187500
vt 0.843750 0.625000
vt 0.843750 0.125000
vt 0.843750 0.562500
vt 0.843750 0.062500
vt 0.843750 0.500000
vt 0.859375 1.000000
vt 0.843750 0.937500
vt 0.859375 0.000000
vt 0.843750 0.437500
vt 0.812500 0.125000
vt 0.812500 0.625000
vt 0.812500 0.562500
vt 0.812500 0.062500
vt 0.812500 0.500000
vt 0.828125 1.000000
vt 0.812500 0.937500
vt 0.828125 0.000000
vt 0.812500 0.437500
vt 0.812500 0.875000
vt 0.812500 0.375000
vt 0.812500 0.812500
vt 0.812500 0.312500
vt 0.812500 0.750000
vt 0.812500 0.250000
vt 0.812500 0.687500
vt 0.812500 0.187500
vt 0.781250 0.875000
vt 0.781250 0.812500
vt 0.781250 0.375000
vt 0.781250 0.312500
vt 0.781250 0.750000
vt 0.781250 0.250000
vt 0.781250 0.687500
vt 0.781250 0.187500
vt 0.781250 0.625000
vt 0.781250 0.125000
vt 0.781250 0.562500
vt 0.781250 0.062500
vt 0.781250 0.500000
vt 0.796875 1.000000
vt 0.781250 0.937500
vt 0.796875 0.000000
vt 0.781250 0.437500
vt 0.765625 1.000000
vt 0.765625 0.000000
s 0
f 962/560/531 504/561/531 963/562/531
f 486/563/532 496/564/532 497/565/532
f 963/562/533 505/566/533 964/567/533
f 486/563/534 498/568/534 487/569/534
f 956/570/535 483/571/535 491/572/535
f 490/573/536 964/567/536 505/566/536
f 487/569/537 499/574/537 488/575/537
f 957/576/538 491/572/538 492/577/538
f 488/575/539 500/578/539 960/579/539
f 484/580/540 492/577/540 493/581/540
f 960/579/541 501/582/541 489/583/541
f 958/584/542 493/581/542 494/585/542
f 489/583/543 502/586/543 961/587/543
f 485/588/544 494/585/544 495/589/544
f 961/587/545 503/590/545 962/560/545
f 959/591/546 495/589/546 496/564/546
f 503/590/547 517/592/547 518/593/547
f 495/589/548 511/594/548 496/564/548
f 504/561/549 518/593/549 519/595/549
f 497/565/550 511/594/550 512/596/550
f 504/561/551 520/597/551 505/566/551
f 497/565/552 513/598/552 498/568/552
f 491/572/553 483/599/553 506/600/553
f 490/601/554 505/566/554 520/597/554
f 498/568/555 514/602/555 499/574/555
f 491/572/556 507/603/556 492/577/556
f 499/574/557 515/604/557 500/578/557
f 492/577/558 508/605/558 493/581/558
f 500/578/559 516/606/559 501/582/559
f 493/581/560 509/607/560 494/585/560
f 501/582/561 517/592/561 502/586/561
f 494/585/562 510/608/562 495/589/562
f 506/600/563 522/609/563 507/603/563
f 514/602/564 530/610/564 515/604/564
f 507/603/565 523/611/565 508/605/565
f 516/606/566 530/610/566 531/612/566
f 508/605/567 524/613/567 509/607/567
f 517/592/568 531/612/568 532/614/568
f 509/607/569 525/615/569 510/608/569
f 518/593/570 532/614/570 533/616/570
f 510/608/571 526/617/571 511/594/571
f 518/593/572 534/618/572 519/595/572
f 511/594/573 527/619/573 512/596/573
f 519/595/574 535/620/574 520/597/574
f 512/596/575 528/621/575 513/598/575
f 506/600/576 483/622/576 521/623/576
f 490/624/577 520/597/577 535/620/577
f 514/602/578 528/621/578 529/625/578
f 525/615/579 541/626/579 526/617/579
f 533/616/580 549/627/580 534/618/580
f 527/619/581 541/626/581 542/628/581
f 534/618/582 550/629/582 535/620/582
f 528/621/583 542/628/583 543/630/583
f 521/623/584 483/631/584 536/632/584
f 490/633/585 535/620/585 550/629/585
f 528/621/586 544/634/586 529/625/586
f 521/623/587 537/635/587 522/609/587
f 529/625/588 545/636/588 530/610/588
f 522/609/589 538/637/589 523/611/589
f 531/612/590 545/636/590 546/638/590
f 523/611/591 539/639/591 524/613/591
f 531/612/592 547/640/592 532/614/592
f 524/613/593 540/641/593 525/615/593
f 532/614/594 548/642/594 533/616/594
f 544/634/595 560/643/595 545/636/595
f 537/635/596 553/644/596 538/637/596
f 546/638/597 560/643/597 561/645/597
f 538/637/598 554/646/598 539/639/598
f 546/638/599 562/647/599 547/640/599
f 540/641/600 554/646/600 555/648/600
f 547/640/601 563/649/601 548/642/601
f 540/641/602 556/650/602 541/626/602
f 549/627/603 563/649/603 564/651/603
f 542/628/604 556/650/604 557/652/604
f 549/627/605 565/653/605 550/629/605
f 543/630/606 557/652/606 558/654/606
f 536/632/607 483/655/607 551/656/607
f 490/657/608 550/629/608 565/653/608
f 543/630/609 559/658/609 544/634/609
f 536/632/610 552/659/610 537/635/610
f 563/649/611 579/660/611 564/651/611
f 557/652/612 571/661/612 572/662/612
f 565/653/613 579/660/613 580/663/613
f 558/654/614 572/662/614 573/664/614
f 551/656/615 483/665/615 566/666/615
f 490/667/616 565/653/616 580/663/616
f 558/654/617 574/668/617 559/658/617
f 551/656/618 567/669/618 552/659/618
f 559/658/619 575/670/619 560/643/619
f 552/659/620 568/671/620 553/644/620
f 561/645/621 575/670/621 576/672/621
f 553/644/622 569/673/622 554/646/622
f 561/645/623 577/674/623 562/647/623
f 555/648/624 569/673/624 570/675/624
f 562/647/625 578/676/625 563/649/625
f 555/648/626 571/661/626 556/650/626
f 576/672/627 590/677/627 591/678/627
f 568/671/628 584/679/628 569/673/628
f 576/672/629 592/680/629 577/674/629
f 570/675/630 584/679/630 585/681/630
f 578/676/631 592/680/631 593/682/631
f 570/675/632 586/683/632 571/661/632
f 579/660/633 593/682/633 594/684/633
f 572/662/634 586/683/634 587/685/634
f 579/660/635 595/686/635 580/663/635
f 573/664/636 587/685/636 588/687/636
f 566/666/637 483/688/637 581/689/637
f 490/690/638 580/663/638 595/686/638
f 573/664/639 589/691/639 574/668/639
f 567/669/640 581/689/640 582/692/640
f 574/668/641 590/677/641 575/670/641
f 567/669/642 583/693/642 568/671/642
f 594/684/643 610/694/643 595/686/643
f 588/687/644 602/695/644 603/696/644
f 581/689/645 483/697/645 596/698/645
f 490/699/646 595/686/646 610/694/646
f 588/687/647 604/700/647 589/691/647
f 582/692/648 596/698/648 597/701/648
f 589/691/649 605/702/649 590/677/649
f 582/692/650 598/703/650 583/693/650
f 591/678/651 605/702/651 606/704/651
f 583/693/652 599/705/652 584/679/652
f 591/678/653 607/706/653 592/680/653
f 585/681/654 599/705/654 600/707/654
f 593/682/655 607/706/655 608/708/655
f 585/681/656 601/709/656 586/683/656
f 593/682/657 609/710/657 594/684/657
f 587/685/658 601/709/658 602/695/658
f 598/703/659 614/711/659 599/705/659
f 606/704/660 622/712/660 607/706/660
f 600/707/661 614/711/661 615/713/661
f 608/708/662 622/712/662 623/714/662
f 600/707/663 616/715/663 601/709/663
f 608/708/664 624/716/664 609/710/664
f 602/695/665 616/715/665 617/717/665
f 609/710/666 625/718/666 610/694/666
f 603/696/667 617/717/667 618/719/667
f 596/698/668 483/720/668 611/721/668
f 490/722/669 610/694/669 625/718/669
f 603/696/670 619/723/670 604/700/670
f 596/698/671 612/724/671 597/701/671
f 604/700/672 620/725/672 605/702/672
f 597/701/673 613/726/673 598/703/673
f 606/704/674 620/725/674 621/727/674
f 618/719/675 632/728/675 633/729/675
f 611/721/676 483/730/676 626/731/676
f 490/732/677 625/718/677 640/733/677
f 618/719/678 634/734/678 619/723/678
f 611/721/679 627/735/679 612/724/679
f 619/723/680 635/736/680 620/725/680
f 613/726/681 627/735/681 628/737/681
f 621/727/682 635/736/682 636/738/682
f 613/726/683 629/739/683 614/711/683
f 621/727/684 637/740/684 622/712/684
f 615/713/685 629/739/685 630/741/685
f 623/714/686 637/740/686 638/742/686
f 615/713/687 631/743/687 616/715/687
f 623/714/688 639/744/688 624/716/688
f 617/717/689 631/743/689 632/728/689
f 625/718/690 639/744/690 640/733/690
f 636/738/691 652/745/691 637/740/691
f 630/741/692 644/746/692 645/747/692
f 638/742/693 652/745/693 653/748/693
f 630/741/694 646/749/694 631/743/694
f 638/742/695 654/750/695 639/744/695
f 632/728/696 646/749/696 647/751/696
f 639/744/697 655/752/697 640/733/697
f 633/729/698 647/751/698 648/753/698
f 626/731/699 483/754/699 641/755/699
f 490/756/700 640/733/700 655/752/700
f 633/729/701 649/757/701 634/734/701
f 626/731/702 642/758/702 627/735/702
f 634/734/703 650/759/703 635/736/703
f 628/737/704 642/758/704 643/760/704
f 636/738/705 650/759/705 651/761/705
f 628/737/706 644/746/706 629/739/706
f 641/755/707 483/762/707 656/763/707
f 490/764/708 655/752/708 670/765/708
f 648/753/709 664/766/709 649/757/709
f 641/755/710 657/767/710 642/758/710
f 649/757/711 665/768/711 650/759/711
f 642/758/712 658/769/712 643/760/712
f 651/761/713 665/768/713 666/770/713
f 643/760/714 659/771/714 644/746/714
f 651/761/715 667/772/715 652/745/715
f 645/747/716 659/771/716 660/773/716
f 652/745/717 668/774/717 653/748/717
f 645/747/718 661/775/718 646/749/718
f 654/750/719 668/774/719 669/776/719
f 647/751/720 661/775/720 662/777/720
f 655/752/721 669/776/721 670/765/721
f 648/753/722 662/777/722 663/778/722
f 660/773/723 674/779/723 675/780/723
f 668/774/724 682/781/724 683/782/724
f 660/773/725 676/783/725 661/775/725
f 668/774/726 684/784/726 669/776/726
f 662/777/727 676/783/727 677/785/727
f 669/776/728 685/786/728 670/765/728
f 663/778/729 677/785/729 678/787/729
f 656/763/730 483/788/730 671/789/730
f 490/790/731 670/765/731 685/786/731
f 663/778/732 679/791/732 664/766/732
f 657/767/733 671/789/733 672/792/733
f 664/766/734 680/793/734 665/768/734
f 658/769/735 672/792/735 673/794/735
f 666/770/736 680/793/736 681/795/736
f 658/769/737 674/779/737 659/771/737
f 666/770/738 682/781/738 667/772/738
f 678/787/739 694/796/739 679/791/739
f 671/789/740 687/797/740 672/792/740
f 679/791/741 695/798/741 680/793/741
f 672/792/742 688/799/742 673/794/742
f 681/795/743 695/798/743 696/800/743
f 673/794/744 689/801/744 674/779/744
f 681/795/745 697/802/745 682/781/745
f 675/780/746 689/801/746 690/803/746
f 683/782/747 697/802/747 698/804/747
f 675/780/748 691/805/748 676/783/748
f 683/782/749 699/806/749 684/784/749
f 677/785/750 691/805/750 692/807/750
f 684/784/751 700/808/751 685/786/751
f 678/787/752 692/807/752 693/809/752
f 671/789/753 483/810/753 686/811/753
f 490/812/754 685/786/754 700/808/754
f 698/804/755 712/813/755 713/814/755
f 690/803/756 706/815/756 691/805/756
f 698/804/757 714/816/757 699/806/757
f 692/807/758 706/815/758 707/817/758
f 699/806/759 715/818/759 700/808/759
f 693/809/760 707/817/760 708/819/760
f 686/811/761 483/820/761 701/821/761
f 490/822/762 700/808/762 715/818/762
f 693/809/763 709/823/763 694/796/763
f 686/811/764 702/824/764 687/797/764
f 694/796/765 710/825/765 695/798/765
f 687/797/766 703/826/766 688/799/766
f 696/800/767 710/825/767 711/827/767
f 688/799/768 704/828/768 689/801/768
f 696/800/769 712/813/769 697/802/769
f 690/803/770 704/828/770 705/829/770
f 709/823/771 725/830/771 710/825/771
f 703/826/772 717/831/772 718/832/772
f 711/827/773 725/830/773 726/833/773
f 703/826/774 719/834/774 704/828/774
f 711/827/775 727/835/775 712/813/775
f 705/829/776 719/834/776 720/836/776
f 713/814/777 727/835/777 728/837/777
f 705/829/778 721/838/778 706/815/778
f 713/814/779 729/839/779 714/816/779
f 707/817/780 721/838/780 722/840/780
f 715/818/781 729/839/781 730/841/781
f 708/819/782 722/840/782 723/842/782
f 701/821/783 483/843/783 716/844/783
f 490/845/784 715/818/784 730/841/784
f 708/819/785 724/846/785 709/823/785
f 701/821/786 717/831/786 702/824/786
f 728/837/787 744/847/787 729/839/787
f 722/840/788 736/848/788 737/849/788
f 729/839/789 745/850/789 730/841/789
f 723/842/790 737/849/790 738/851/790
f 716/844/791 483/852/791 731/853/791
f 490/854/792 730/841/792 745/850/792
f 723/842/793 739/855/793 724/846/793
f 716/844/794 732/856/794 717/831/794
f 724/846/795 740/857/795 725/830/795
f 717/831/796 733/858/796 718/832/796
f 726/833/797 740/857/797 741/859/797
f 718/832/798 734/860/798 719/834/798
f 726/833/799 742/861/799 727/835/799
f 720/836/800 734/860/800 735/862/800
f 728/837/801 742/861/801 743/863/801
f 720/836/802 736/848/802 721/838/802
f 732/856/803 748/864/803 733/858/803
f 741/859/804 755/865/804 756/866/804
f 733/858/805 749/867/805 734/860/805
f 741/859/806 757/868/806 742/861/806
f 735/862/807 749/867/807 750/869/807
f 743/863/808 757/868/808 758/870/808
f 735/862/809 751/871/809 736/848/809
f 743/863/810 759/872/810 744/847/810
f 737/849/811 751/871/811 752/873/811
f 744/847/812 760/874/812 745/850/812
f 738/851/813 752/873/813 753/875/813
f 731/853/814 483/876/814 746/877/814
f 490/878/815 745/850/815 760/874/815
f 738/851/816 754/879/816 739/855/816
f 732/856/817 746/877/817 747/880/817
f 739/855/818 755/865/818 740/857/818
f 752/873/819 766/881/819 767/882/819
f 760/874/820 774/883/820 775/884/820
f 753/875/821 767/882/821 768/885/821
f 746/877/822 483/886/822 761/887/822
f 490/888/823 760/874/823 775/884/823
f 753/875/824 769/889/824 754/879/824
f 747/880/825 761/887/825 762/890/825
f 754/879/826 770/891/826 755/865/826
f 747/880/827 763/892/827 748/864/827
f 756/866/828 770/891/828 771/893/828
f 748/864/829 764/894/829 749/867/829
f 756/866/830 772/895/830 757/868/830
f 750/869/831 764/894/831 765/896/831
f 758/870/832 772/895/832 773/897/832
f 750/869/833 766/881/833 751/871/833
f 758/870/834 774/883/834 759/872/834
f 771/893/835 785/898/835 786/899/835
f 763/892/836 779/900/836 764/894/836
f 771/893/837 787/901/837 772/895/837
f 765/896/838 779/900/838 780/902/838
f 773/897/839 787/901/839 788/903/839
f 765/896/840 781/904/840 766/881/840
f 773/897/841 789/905/841 774/883/841
f 767/882/842 781/904/842 782/906/842
f 775/884/843 789/905/843 790/907/843
f 768/885/844 782/906/844 783/908/844
f 761/887/845 483/909/845 776/910/845
f 490/911/846 775/884/846 790/907/846
f 768/885/847 784/912/847 769/889/847
f 761/887/848 777/913/848 762/890/848
f 769/889/849 785/898/849 770/891/849
f 762/890/850 778/914/850 763/892/850
f 789/905/851 805/915/851 790/907/851
f 783/908/852 797/916/852 798/917/852
f 776/910/853 483/918/853 791/919/853
f 490/920/854 790/907/854 805/915/854
f 783/908/855 799/921/855 784/912/855
f 776/910/856 792/922/856 777/913/856
f 784/912/857 800/923/857 785/898/857
f 777/913/858 793/924/858 778/914/858
f 786/899/859 800/923/859 801/925/859
f 778/914/860 794/926/860 779/900/860
f 786/899/861 802/927/861 787/901/861
f 780/902/862 794/926/862 795/928/862
f 788/903/863 802/927/863 803/929/863
f 780/902/864 796/930/864 781/904/864
f 788/903/865 804/931/865 789/905/865
f 782/906/866 796/930/866 797/916/866
f 793/924/867 809/932/867 794/926/867
f 801/925/868 817/933/868 802/927/868
f 794/926/869 810/934/869 795/928/869
f 803/929/870 817/933/870 818/935/870
f 795/928/871 811/936/871 796/930/871
f 803/929/872 819/937/872 804/931/872
f 797/916/873 811/936/873 812/938/873
f 804/931/874 820/939/874 805/915/874
f 798/917/875 812/938/875 813/940/875
f 791/919/876 483/941/876 806/942/876
f 490/943/877 805/915/877 820/939/877
f 798/917/878 814/944/878 799/921/878
f 791/919/879 807/945/879 792/922/879
f 799/921/880 815/946/880 800/923/880
f 792/922/881 808/947/881 793/924/881
f 801/925/882 815/946/882 816/948/882
f 813/940/883 827/949/883 828/950/883
f 806/942/884 483/951/884 821/952/884
f 490/953/885 820/939/885 835/954/885
f 813/940/886 829/955/886 814/944/886
f 806/942/887 822/956/887 807/945/887
f 814/944/888 830/957/888 815/946/888
f 807/945/889 823/958/889 808/947/889
f 816/948/890 830/957/890 831/959/890
f 808/947/891 824/960/891 809/932/891
f 816/948/892 832/961/892 817/933/892
f 810/934/893 824/960/893 825/962/893
f 818/935/894 832/961/894 833/963/894
f 810/934/895 826/964/895 811/936/895
f 818/935/896 834/965/896 819/937/896
f 812/938/897 826/964/897 827/949/897
f 819/937/898 835/954/898 820/939/898
f 831/959/899 847/966/899 832/961/899
f 825/962/900 839/967/900 840/968/900
f 833/963/901 847/966/901 848/969/901
f 825/962/902 841/970/902 826/964/902
f 833/963/903 849/971/903 834/965/903
f 827/949/904 841/970/904 842/972/904
f 834/965/905 850/973/905 835/954/905
f 828/950/906 842/972/906 843/974/906
f 821/952/907 483/975/907 836/976/907
f 490/977/908 835/954/908 850/973/908
f 828/950/909 844/978/909 829/955/909
f 821/952/910 837/979/910 822/956/910
f 829/955/911 845/980/911 830/957/911
f 823/958/912 837/979/912 838/981/912
f 831/959/913 845/980/913 846/982/913
f 823/958/914 839/967/914 824/960/914
f 490/983/915 850/984/915 865/985/915
f 843/986/916 859/987/916 844/988/916
f 836/989/917 852/990/917 837/991/917
f 844/988/918 860/992/918 845/993/918
f 838/994/919 852/990/919 853/995/919
f 846/996/920 860/992/920 861/997/920
f 838/994/921 854/998/921 839/999/921
f 846/996/922 862/1000/922 847/1001/922
f 840/1002/923 854/998/923 855/1003/923
f 848/1004/924 862/1000/924 863/1005/924
f 840/1002/925 856/1006/925 841/1007/925
f 848/1004/926 864/1008/926 849/1009/926
f 842/1010/927 856/1006/927 857/1011/927
f 849/1009/928 865/985/928 850/984/928
f 843/986/929 857/1011/929 858/1012/929
f 836/989/930 483/1013/930 851/1014/930
f 863/1005/931 877/1015/931 878/1016/931
f 855/1003/932 871/1017/932 856/1006/932
f 863/1005/933 879/1018/933 864/1008/933
f 857/1011/934 871/1017/934 872/1019/934
f 864/1008/935 880/1020/935 865/985/935
f 858/1012/936 872/1019/936 873/1021/936
f 851/1014/937 483/1022/937 866/1023/937
f 490/1024/938 865/985/938 880/1020/938
f 858/1012/939 874/1025/939 859/987/939
f 851/1014/940 867/1026/940 852/990/940
f 859/987/941 875/1027/941 860/992/941
f 853/995/942 867/1026/942 868/1028/942
f 861/997/943 875/1027/943 876/1029/943
f 853/995/944 869/1030/944 854/998/944
f 861/997/945 877/1015/945 862/1000/945
f 855/1003/946 869/1030/946 870/1031/946
f 867/1026/947 881/1032/947 882/1033/947
f 874/1025/948 890/1034/948 875/1027/948
f 867/1026/949 883/1035/949 868/1028/949
f 876/1029/950 890/1034/950 891/1036/950
f 868/1028/951 884/1037/951 869/1030/951
f 876/1029/952 892/1038/952 877/1015/952
f 870/1031/953 884/1037/953 885/1039/953
f 878/1016/954 892/1038/954 893/1040/954
f 870/1031/955 886/1041/955 871/1017/955
f 879/1018/956 893/1040/956 894/1042/956
f 872/1019/957 886/1041/957 887/1043/957
f 879/1018/958 895/1044/958 880/1020/958
f 873/1021/959 887/1043/959 888/1045/959
f 866/1023/960 483/1046/960 881/1032/960
f 490/1047/961 880/1020/961 895/1044/961
f 873/1021/962 889/1048/962 874/1025/962
f 885/1039/963 901/1049/963 886/1041/963
f 893/1040/964 909/1050/964 894/1042/964
f 887/1043/965 901/1049/965 902/1051/965
f 894/1042/966 910/1052/966 895/1044/966
f 888/1045/967 902/1051/967 903/1053/967
f 881/1032/968 483/1054/968 896/1055/968
f 490/1056/969 895/1044/969 910/1052/969
f 888/1045/970 904/1057/970 889/1048/970
f 881/1032/971 897/1058/971 882/1033/971
f 889/1048/972 905/1059/972 890/1034/972
f 883/1035/973 897/1058/973 898/1060/973
f 891/1036/974 905/1059/974 906/1061/974
f 883/1035/975 899/1062/975 884/1037/975
f 891/1036/976 907/1063/976 892/1038/976
f 885/1039/977 899/1062/977 900/1064/977
f 893/1040/978 907/1063/978 908/1065/978
f 904/1057/979 920/1066/979 905/1059/979
f 898/1060/980 912/1067/980 913/1068/980
f 906/1061/981 920/1066/981 921/1069/981
f 898/1060/982 914/1070/982 899/1062/982
f 906/1061/983 922/1071/983 907/1063/983
f 900/1064/984 914/1070/984 915/1072/984
f 908/1065/985 922/1071/985 923/1073/985
f 900/1064/986 916/1074/986 901/1049/986
f 908/1065/987 924/1075/987 909/1050/987
f 902/1051/988 916/1074/988 917/1076/988
f 909/1050/989 925/1077/989 910/1052/989
f 903/1053/990 917/1076/990 918/1078/990
f 896/1055/991 483/1079/991 911/1080/991
f 490/1081/992 910/1052/992 925/1077/992
f 903/1053/993 919/1082/993 904/1057/993
f 896/1055/994 912/1067/994 897/1058/994
f 923/1073/995 939/1083/995 924/1075/995
f 917/1076/996 931/1084/996 932/1085/996
f 924/1075/997 940/1086/997 925/1077/997
f 918/1078/998 932/1085/998 933/1087/998
f 911/1080/999 483/1088/999 926/1089/999
f 490/1090/1000 925/1077/1000 940/1086/1000
f 918/1078/1001 934/1091/1001 919/1082/1001
f 912/1067/1002 926/1089/1002 927/1092/1002
f 919/1082/1003 935/1093/1003 920/1066/1003
f 912/1067/1004 928/1094/1004 913/1068/1004
f 921/1069/1005 935/1093/1005 936/1095/1005
f 913/1068/1006 929/1096/1006 914/1070/1006
f 921/1069/1007 937/1097/1007 922/1071/1007
f 915/1072/1008 929/1096/1008 930/1098/1008
f 923/1073/1009 937/1097/1009 938/1099/1009
f 915/1072/1010 931/1084/1010 916/1074/1010
f 928/1094/1011 942/1100/1011 943/1101/1011
f 936/1095/1012 950/1102/1012 951/1103/1012
f 928/1094/1013 944/1104/1013 929/1096/1013
f 936/1095/1014 952/1105/1014 937/1097/1014
f 930/1098/1015 944/1104/1015 945/1106/1015
f 938/1099/1016 952/1105/1016 953/1107/1016
f 930/1098/1017 946/1108/1017 931/1084/1017
f 938/1099/1018 954/1109/1018 939/1083/1018
f 932/1085/1019 946/1108/1019 947/1110/1019
f 940/1086/1020 954/1109/1020 955/1111/1020
f 933/1087/1021 947/1110/1021 948/1112/1021
f 926/1089/1022 483/1113/1022 941/1114/1022
f 490/1115/1023 940/1086/1023 955/1111/1023
f 933/1087/1024 949/1116/1024 934/1091/1024
f 926/1089/1025 942/1100/1025 927/1092/1025
f 934/1091/1026 950/1102/1026 935/1093/1026
f 947/1110/1027 959/591/1027 486/563/1027
f 954/1109/1028 964/567/1028 955/1111/1028
f 948/1112/1029 486/563/1029 487/569/1029
f 941/1114/1030 483/1117/1030 956/570/1030
f 490/1118/1031 955/1111/1031 964/567/1031
f 948/1112/1032 488/575/1032 949/1116/1032
f 942/1100/1033 956/570/1033 957/576/1033
f 949/1116/1034 960/579/1034 950/1102/1034
f 943/1101/1035 957/576/1035 484/580/1035
f 950/1102/1036 489/583/1036 951/1103/1036
f 944/1104/1037 484/580/1037 958/584/1037
f 951/1103/1038 961/587/1038 952/1105/1038
f 945/1106/1039 958/584/1039 485/588/1039
f 953/1107/1040 961/587/1040 962/560/1040
f 946/1108/1041 485/588/1041 959/591/1041
f 953/1107/1042 963/562/1042 954/1109/1042
f 962/560/531 503/590/531 504/561/531
f 486/563/532 959/591/532 496/564/532
f 963/562/533 504/561/533 505/566/533
f 486/563/1043 497/565/1043 498/568/1043
f 487/569/1044 498/568/1044 499/574/1044
f 957/576/538 956/570/538 491/572/538
f 488/575/539 499/574/539 500/578/539
f 484/580/540 957/576/540 492/577/540
f 960/579/541 500/578/541 501/582/541
f 958/584/542 484/580/542 493/581/542
f 489/583/543 501/582/543 502/586/543
f 485/588/544 958/584/544 494/585/544
f 961/587/545 502/586/545 503/590/545
f 959/591/546 485/588/546 495/589/546
f 503/590/547 502/586/547 517/592/547
f 495/589/548 510/608/548 511/594/548
f 504/561/549 503/590/549 518/593/549
f 497/565/550 496/564/550 511/594/550
f 504/561/551 519/595/551 520/597/551
f 497/565/552 512/596/552 513/598/552
f 498/568/555 513/598/555 514/602/555
f 491/572/556 506/600/556 507/603/556
f 499/574/557 514/602/557 515/604/557
f 492/577/558 507/603/558 508/605/558
f 500/578/559 515/604/559 516/606/559
f 493/581/560 508/605/560 509/607/560
f 501/582/561 516/606/561 517/592/561
f 494/585/562 509/607/562 510/608/562
f 506/600/563 521/623/563 522/609/563
f 514/602/564 529/625/564 530/610/564
f 507/603/1045 522/609/1045 523/611/1045
f 516/606/566 515/604/566 530/610/566
f 508/605/567 523/611/567 524/613/567
f 517/592/568 516/606/568 531/612/568
f 509/607/569 524/613/569 525/615/569
f 518/593/570 517/592/570 532/614/570
f 510/608/571 525/615/571 526/617/571
f 518/593/1046 533/616/1046 534/618/1046
f 511/594/573 526/617/573 527/619/573
f 519/595/574 534/618/574 535/620/574
f 512/596/575 527/619/575 528/621/575
f 514/602/578 513/598/578 528/621/578
f 525/615/579 540/641/579 541/626/579
f 533/616/580 548/642/580 549/627/580
f 527/619/581 526/617/581 541/626/581
f 534/618/582 549/627/582 550/629/582
f 528/621/583 527/619/583 542/628/583
f 528/621/586 543/630/586 544/634/586
f 521/623/587 536/632/587 537/635/587
f 529/625/588 544/634/588 545/636/588
f 522/609/589 537/635/589 538/637/589
f 531/612/590 530/610/590 545/636/590
f 523/611/591 538/637/591 539/639/591
f 531/612/592 546/638/592 547/640/592
f 524/613/593 539/639/593 540/641/593
f 532/614/594 547/640/594 548/642/594
f 544/634/595 559/658/595 560/643/595
f 537/635/596 552/659/596 553/644/596
f 546/638/597 545/636/597 560/643/597
f 538/637/598 553/644/598 554/646/598
f 546/638/599 561/645/599 562/647/599
f 540/641/600 539/639/600 554/646/600
f 547/640/601 562/647/601 563/649/601
f 540/641/602 555/648/602 556/650/602
f 549/627/603 548/642/603 563/649/603
f 542/628/604 541/626/604 556/650/604
f 549/627/1047 564/651/1047 565/653/1047
f 543/630/606 542/628/606 557/652/606
f 543/630/609 558/654/609 559/658/609
f 536/632/610 551/656/610 552/659/610
f 563/649/611 578/676/611 579/660/611
f 557/652/612 556/650/612 571/661/612
f 565/653/613 564/651/613 579/660/613
f 558/654/614 557/652/614 572/662/614
f 558/654/617 573/664/617 574/668/617
f 551/656/618 566/666/618 567/669/618
f 559/658/619 574/668/619 575/670/619
f 552/659/620 567/669/620 568/671/620
f 561/645/621 560/643/621 575/670/621
f 553/644/622 568/671/622 569/673/622
f 561/645/623 576/672/623 577/674/623
f 555/648/624 554/646/624 569/673/624
f 562/647/625 577/674/625 578/676/625
f 555/648/626 570/675/626 571/661/626
f 576/672/627 575/670/627 590/677/627
f 568/671/628 583/693/628 584/679/628
f 576/672/629 591/678/629 592/680/629
f 570/675/630 569/673/630 584/679/630
f 578/676/631 577/674/631 592/680/631
f 570/675/632 585/681/632 586/683/632
f 579/660/633 578/676/633 593/682/633
f 572/662/634 571/661/634 586/683/634
f 579/660/635 594/684/635 595/686/635
f 573/664/636 572/662/636 587/685/636
f 573/664/639 588/687/639 589/691/639
f 567/669/640 566/666/640 581/689/640
f 574/668/641 589/691/641 590/677/641
f 567/669/642 582/692/642 583/693/642
f 594/684/643 609/710/643 610/694/643
f 588/687/644 587/685/644 602/695/644
f 588/687/647 603/696/647 604/700/647
f 582/692/648 581/689/648 596/698/648
f 589/691/649 604/700/649 605/702/649
f 582/692/650 597/701/650 598/703/650
f 591/678/651 590/677/651 605/702/651
f 583/693/652 598/703/652 599/705/652
f 591/678/653 606/704/653 607/706/653
f 585/681/654 584/679/654 599/705/654
f 593/682/655 592/680/655 607/706/655
f 585/681/656 600/707/656 601/709/656
f 593/682/657 608/708/657 609/710/657
f 587/685/658 586/683/658 601/709/658
f 598/703/659 613/726/659 614/711/659
f 606/704/660 621/727/660 622/712/660
f 600/707/661 599/705/661 614/711/661
f 608/708/662 607/706/662 622/712/662
f 600/707/663 615/713/663 616/715/663
f 608/708/664 623/714/664 624/716/664
f 602/695/665 601/709/665 616/715/665
f 609/710/666 624/716/666 625/718/666
f 603/696/667 602/695/667 617/717/667
f 603/696/670 618/719/670 619/723/670
f 596/698/671 611/721/671 612/724/671
f 604/700/672 619/723/672 620/725/672
f 597/701/673 612/724/673 613/726/673
f 606/704/674 605/702/674 620/725/674
f 618/719/675 617/717/675 632/728/675
f 618/719/678 633/729/678 634/734/678
f 611/721/679 626/731/679 627/735/679
f 619/723/680 634/734/680 635/736/680
f 613/726/681 612/724/681 627/735/681
f 621/727/682 620/725/682 635/736/682
f 613/726/683 628/737/683 629/739/683
f 621/727/684 636/738/684 637/740/684
f 615/713/685 614/711/685 629/739/685
f 623/714/686 622/712/686 637/740/686
f 615/713/687 630/741/687 631/743/687
f 623/714/688 638/742/688 639/744/688
f 617/717/689 616/715/689 631/743/689
f 625/718/690 624/716/690 639/744/690
f 636/738/691 651/761/691 652/745/691
f 630/741/692 629/739/692 644/746/692
f 638/742/693 637/740/693 652/745/693
f 630/741/694 645/747/694 646/749/694
f 638/742/1048 653/748/1048 654/750/1048
f 632/728/696 631/743/696 646/749/696
f 639/744/697 654/750/697 655/752/697
f 633/729/698 632/728/698 647/751/698
f 633/729/701 648/753/701 649/757/701
f 626/731/702 641/755/702 642/758/702
f 634/734/703 649/757/703 650/759/703
f 628/737/1049 627/735/1049 642/758/1049
f 636/738/705 635/736/705 650/759/705
f 628/737/706 643/760/706 644/746/706
f 648/753/709 663/778/709 664/766/709
f 641/755/710 656/763/710 657/767/710
f 649/757/711 664/766/711 665/768/711
f 642/758/712 657/767/712 658/769/712
f 651/761/713 650/759/713 665/768/713
f 643/760/714 658/769/714 659/771/714
f 651/761/715 666/770/715 667/772/715
f 645/747/716 644/746/716 659/771/716
f 652/745/717 667/772/717 668/774/717
f 645/747/718 660/773/718 661/775/718
f 654/750/719 653/748/719 668/774/719
f 647/751/720 646/749/720 661/775/720
f 655/752/721 654/750/721 669/776/721
f 648/753/722 647/751/722 662/777/722
f 660/773/723 659/771/723 674/779/723
f 668/774/724 667/772/724 682/781/724
f 660/773/725 675/780/725 676/783/725
f 668/774/726 683/782/726 684/784/726
f 662/777/727 661/775/727 676/783/727
f 669/776/728 684/784/728 685/786/728
f 663/778/729 662/777/729 677/785/729
f 663/778/732 678/787/732 679/791/732
f 657/767/733 656/763/733 671/789/733
f 664/766/734 679/791/734 680/793/734
f 658/769/735 657/767/735 672/792/735
f 666/770/736 665/768/736 680/793/736
f 658/769/737 673/794/737 674/779/737
f 666/770/738 681/795/738 682/781/738
f 678/787/739 693/809/739 694/796/739
f 671/789/740 686/811/740 687/797/740
f 679/791/741 694/796/741 695/798/741
f 672/792/742 687/797/742 688/799/742
f 681/795/743 680/793/743 695/798/743
f 673/794/744 688/799/744 689/801/744
f 681/795/745 696/800/745 697/802/745
f 675/780/746 674/779/746 689/801/746
f 683/782/747 682/781/747 697/802/747
f 675/780/748 690/803/748 691/805/748
f 683/782/1050 698/804/1050 699/806/1050
f 677/785/750 676/783/750 691/805/750
f 684/784/751 699/806/751 700/808/751
f 678/787/752 677/785/752 692/807/752
f 698/804/755 697/802/755 712/813/755
f 690/803/756 705/829/756 706/815/756
f 698/804/757 713/814/757 714/816/757
f 692/807/758 691/805/758 706/815/758
f 699/806/759 714/816/759 715/818/759
f 693/809/760 692/807/760 707/817/760
f 693/809/763 708/819/763 709/823/763
f 686/811/764 701/821/764 702/824/764
f 694/796/765 709/823/765 710/825/765
f 687/797/766 702/824/766 703/826/766
f 696/800/767 695/798/767 710/825/767
f 688/799/768 703/826/768 704/828/768
f 696/800/769 711/827/769 712/813/769
f 690/803/770 689/801/770 704/828/770
f 709/823/771 724/846/771 725/830/771
f 703/826/772 702/824/772 717/831/772
f 711/827/773 710/825/773 725/830/773
f 703/826/774 718/832/774 719/834/774
f 711/827/775 726/833/775 727/835/775
f 705/829/776 704/828/776 719/834/776
f 713/814/777 712/813/777 727/835/777
f 705/829/778 720/836/778 721/838/778
f 713/814/779 728/837/779 729/839/779
f 707/817/780 706/815/780 721/838/780
f 715/818/781 714/816/781 729/839/781
f 708/819/782 707/817/782 722/840/782
f 708/819/785 723/842/785 724/846/785
f 701/821/786 716/844/786 717/831/786
f 728/837/787 743/863/787 744/847/787
f 722/840/788 721/838/788 736/848/788
f 729/839/789 744/847/789 745/850/789
f 723/842/1051 722/840/1051 737/849/1051
f 723/842/1052 738/851/1052 739/855/1052
f 716/844/794 731/853/794 732/856/794
f 724/846/795 739/855/795 740/857/795
f 717/831/796 732/856/796 733/858/796
f 726/833/797 725/830/797 740/857/797
f 718/832/798 733/858/798 734/860/798
f 726/833/799 741/859/799 742/861/799
f 720/836/800 719/834/800 734/860/800
f 728/837/801 727/835/801 742/861/801
f 720/836/802 735/862/802 736/848/802
f 732/856/803 747/880/803 748/864/803
f 741/859/804 740/857/804 755/865/804
f 733/858/805 748/864/805 749/867/805
f 741/859/806 756/866/806 757/868/806
f 735/862/807 734/860/807 749/867/807
f 743/863/808 742/861/808 757/868/808
f 735/862/809 750/869/809 751/871/809
f 743/863/810 758/870/810 759/872/810
f 737/849/811 736/848/811 751/871/811
f 744/847/812 759/872/812 760/874/812
f 738/851/813 737/849/813 752/873/813
f 738/851/816 753/875/816 754/879/816
f 732/856/817 731/853/817 746/877/817
f 739/855/818 754/879/818 755/865/818
f 752/873/819 751/871/819 766/881/819
f 760/874/820 759/872/820 774/883/820
f 753/875/821 752/873/821 767/882/821
f 753/875/824 768/885/824 769/889/824
f 747/880/825 746/877/825 761/887/825
f 754/879/826 769/889/826 770/891/826
f 747/880/1053 762/890/1053 763/892/1053
f 756/866/828 755/865/828 770/891/828
f 748/864/829 763/892/829 764/894/829
f 756/866/830 771/893/830 772/895/830
f 750/869/831 749/867/831 764/894/831
f 758/870/832 757/868/832 772/895/832
f 750/869/833 765/896/833 766/881/833
f 758/870/1054 773/897/1054 774/883/1054
f 771/893/835 770/891/835 785/898/835
f 763/892/836 778/914/836 779/900/836
f 771/893/837 786/899/837 787/901/837
f 765/896/838 764/894/838 779/900/838
f 773/897/839 772/895/839 787/901/839
f 765/896/840 780/902/840 781/904/840
f 773/897/841 788/903/841 789/905/841
f 767/882/842 766/881/842 781/904/842
f 775/884/843 774/883/843 789/905/843
f 768/885/844 767/882/844 782/906/844
f 768/885/847 783/908/847 784/912/847
f 761/887/848 776/910/848 777/913/848
f 769/889/849 784/912/849 785/898/849
f 762/890/850 777/913/850 778/914/850
f 789/905/1055 804/931/1055 805/915/1055
f 783/908/852 782/906/852 797/916/852
f 783/908/855 798/917/855 799/921/855
f 776/910/856 791/919/856 792/922/856
f 784/912/857 799/921/857 800/923/857
f 777/913/858 792/922/858 793/924/858
f 786/899/859 785/898/859 800/923/859
f 778/914/860 793/924/860 794/926/860
f 786/899/861 801/925/861 802/927/861
f 780/902/862 779/900/862 794/926/862
f 788/903/863 787/901/863 802/927/863
f 780/902/864 795/928/864 796/930/864
f 788/903/865 803/929/865 804/931/865
f 782/906/866 781/904/866 796/930/866
f 793/924/867 808/947/867 809/932/867
f 801/925/868 816/948/868 817/933/868
f 794/926/869 809/932/869 810/934/869
f 803/929/870 802/927/870 817/933/870
f 795/928/871 810/934/871 811/936/871
f 803/929/1056 818/935/1056 819/937/1056
f 797/916/873 796/930/873 811/936/873
f 804/931/874 819/937/874 820/939/874
f 798/917/875 797/916/875 812/938/875
f 798/917/878 813/940/878 814/944/878
f 791/919/879 806/942/879 807/945/879
f 799/921/880 814/944/880 815/946/880
f 792/922/881 807/945/881 808/947/881
f 801/925/882 800/923/882 815/946/882
f 813/940/883 812/938/883 827/949/883
f 813/940/886 828/950/886 829/955/886
f 806/942/887 821/952/887 822/956/887
f 814/944/888 829/955/888 830/957/888
f 807/945/889 822/956/889 823/958/889
f 816/948/890 815/946/890 830/957/890
f 808/947/891 823/958/891 824/960/891
f 816/948/892 831/959/892 832/961/892
f 810/934/893 809/932/893 824/960/893
f 818/935/894 817/933/894 832/961/894
f 810/934/895 825/962/895 826/964/895
f 818/935/896 833/963/896 834/965/896
f 812/938/897 811/936/897 826/964/897
f 819/937/898 834/965/898 835/954/898
f 831/959/899 846/982/899 847/966/899
f 825/962/900 824/960/900 839/967/900
f 833/963/901 832/961/901 847/966/901
f 825/962/902 840/968/902 841/970/902
f 833/963/903 848/969/903 849/971/903
f 827/949/904 826/964/904 841/970/904
f 834/965/905 849/971/905 850/973/905
f 828/950/1057 827/949/1057 842/972/1057
f 828/950/1058 843/974/1058 844/978/1058
f 821/952/910 836/976/910 837/979/910
f 829/955/911 844/978/911 845/980/911
f 823/958/912 822/956/912 837/979/912
f 831/959/913 830/957/913 845/980/913
f 823/958/914 838/981/914 839/967/914
f 843/986/1059 858/1012/1059 859/987/1059
f 836/989/917 851/1014/917 852/990/917
f 844/988/918 859/987/918 860/992/918
f 838/994/919 837/991/919 852/990/919
f 846/996/920 845/993/920 860/992/920
f 838/994/921 853/995/921 854/998/921
f 846/996/922 861/997/922 862/1000/922
f 840/1002/923 839/999/923 854/998/923
f 848/1004/924 847/1001/924 862/1000/924
f 840/1002/925 855/1003/925 856/1006/925
f 848/1004/926 863/1005/926 864/1008/926
f 842/1010/927 841/1007/927 856/1006/927
f 849/1009/928 864/1008/928 865/985/928
f 843/986/1060 842/1010/1060 857/1011/1060
f 863/1005/931 862/1000/931 877/1015/931
f 855/1003/932 870/1031/932 871/1017/932
f 863/1005/933 878/1016/933 879/1018/933
f 857/1011/934 856/1006/934 871/1017/934
f 864/1008/935 879/1018/935 880/1020/935
f 858/1012/936 857/1011/936 872/1019/936
f 858/1012/939 873/1021/939 874/1025/939
f 851/1014/940 866/1023/940 867/1026/940
f 859/987/941 874/1025/941 875/1027/941
f 853/995/942 852/990/942 867/1026/942
f 861/997/943 860/992/943 875/1027/943
f 853/995/944 868/1028/944 869/1030/944
f 861/997/945 876/1029/945 877/1015/945
f 855/1003/946 854/998/946 869/1030/946
f 867/1026/947 866/1023/947 881/1032/947
f 874/1025/948 889/1048/948 890/1034/948
f 867/1026/949 882/1033/949 883/1035/949
f 876/1029/950 875/1027/950 890/1034/950
f 868/1028/951 883/1035/951 884/1037/951
f 876/1029/952 891/1036/952 892/1038/952
f 870/1031/953 869/1030/953 884/1037/953
f 878/1016/954 877/1015/954 892/1038/954
f 870/1031/955 885/1039/955 886/1041/955
f 879/1018/956 878/1016/956 893/1040/956
f 872/1019/957 871/1017/957 886/1041/957
f 879/1018/958 894/1042/958 895/1044/958
f 873/1021/959 872/1019/959 887/1043/959
f 873/1021/962 888/1045/962 889/1048/962
f 885/1039/963 900/1064/963 901/1049/963
f 893/1040/964 908/1065/964 909/1050/964
f 887/1043/965 886/1041/965 901/1049/965
f 894/1042/966 909/1050/966 910/1052/966
f 888/1045/967 887/1043/967 902/1051/967
f 888/1045/970 903/1053/970 904/1057/970
f 881/1032/971 896/1055/971 897/1058/971
f 889/1048/972 904/1057/972 905/1059/972
f 883/1035/973 882/1033/973 897/1058/973
f 891/1036/974 890/1034/974 905/1059/974
f 883/1035/975 898/1060/975 899/1062/975
f 891/1036/976 906/1061/976 907/1063/976
f 885/1039/977 884/1037/977 899/1062/977
f 893/1040/978 892/1038/978 907/1063/978
f 904/1057/979 919/1082/979 920/1066/979
f 898/1060/980 897/1058/980 912/1067/980
f 906/1061/981 905/1059/981 920/1066/981
f 898/1060/982 913/1068/982 914/1070/982
f 906/1061/983 921/1069/983 922/1071/983
f 900/1064/984 899/1062/984 914/1070/984
f 908/1065/985 907/1063/985 922/1071/985
f 900/1064/986 915/1072/986 916/1074/986
f 908/1065/987 923/1073/987 924/1075/987
f 902/1051/988 901/1049/988 916/1074/988
f 909/1050/989 924/1075/989 925/1077/989
f 903/1053/990 902/1051/990 917/1076/990
f 903/1053/993 918/1078/993 919/1082/993
f 896/1055/994 911/1080/994 912/1067/994
f 923/1073/995 938/1099/995 939/1083/995
f 917/1076/996 916/1074/996 931/1084/996
f 924/1075/997 939/1083/997 940/1086/997
f 918/1078/998 917/1076/998 932/1085/998
f 918/1078/1001 933/1087/1001 934/1091/1001
f 912/1067/1002 911/1080/1002 926/1089/1002
f 919/1082/1003 934/1091/1003 935/1093/1003
f 912/1067/1004 927/1092/1004 928/1094/1004
f 921/1069/1005 920/1066/1005 935/1093/1005
f 913/1068/1006 928/1094/1006 929/1096/1006
f 921/1069/1007 936/1095/1007 937/1097/1007
f 915/1072/1008 914/1070/1008 929/1096/1008
f 923/1073/1009 922/1071/1009 937/1097/1009
f 915/1072/1010 930/1098/1010 931/1084/1010
f 928/1094/1011 927/1092/1011 942/1100/1011
f 936/1095/1012 935/1093/1012 950/1102/1012
f 928/1094/1013 943/1101/1013 944/1104/1013
f 936/1095/1014 951/1103/1014 952/1105/1014
f 930/1098/1015 929/1096/1015 944/1104/1015
f 938/1099/1016 937/1097/1016 952/1105/1016
f 930/1098/1017 945/1106/1017 946/1108/1017
f 938/1099/1018 953/1107/1018 954/1109/1018
f 932/1085/1019 931/1084/1019 946/1108/1019
f 940/1086/1020 939/1083/1020 954/1109/1020
f 933/1087/1021 932/1085/1021 947/1110/1021
f 933/1087/1024 948/1112/1024 949/1116/1024
f 926/1089/1025 941/1114/1025 942/1100/1025
f 934/1091/1026 949/1116/1026 950/1102/1026
f 947/1110/1027 946/1108/1027 959/591/1027
f 954/1109/1028 963/562/1028 964/567/1028
f 948/1112/1029 947/1110/1029 486/563/1029
f 948/1112/1032 487/569/1032 488/575/1032
f 942/1100/1033 941/1114/1033 956/570/1033
f 949/1116/1034 488/575/1034 960/579/1034
f 943/1101/1035 942/1100/1035 957/576/1035
f 950/1102/1036 960/579/1036 489/583/1036
f 944/1104/1037 943/1101/1037 484/580/1037
f 951/1103/1038 489/583/1038 961/587/1038
f 945/1106/1039 944/1104/1039 958/584/1039
f 953/1107/1040 952/1105/1040 961/587/1040
f 946/1108/1041 945/1106/1041 485/588/1041
f 953/1107/1042 962/560/1042 963/562/1042
o Cylinder
v 0.000000 0.175103 -1.539281
v 0.000000 1.575607 -1.539281
v 0.136612 0.175103 -1.525826
v 0.136612 1.575607 -1.525826
v 0.267975 0.175103 -1.485978
v 0.267975 1.575607 -1.485978
v 0.389039 0.175103 -1.421268
v 0.389039 1.575607 -1.421268
v 0.495153 0.175103 -1.334183
v 0.495153 1.575607 -1.334183
v 0.582238 0.175103 -1.228069
v 0.582238 1.575607 -1.228069
v 0.646948 0.175103 -1.107004
v 0.646948 1.575607 -1.107004
v 0.686797 0.175103 -0.975642
v 0.686797 1.575607 -0.975642
v 0.700252 0.175103 -0.839030
v 0.700252 1.575607 -0.839030
v 0.686797 0.175103 -0.702417
v 0.686797 1.575607 -0.702417
v 0.646948 0.175103 -0.571055
v 0.646948 1.575607 -0.571055
v 0.582238 0.175103 -0.449990
v 0.582238 1.575607 -0.449990
v 0.495153 0.175103 -0.343877
v 0.495153 1.575607 -0.343877
v 0.389039 0.175103 -0.256791
v 0.389039 1.575607 -0.256791
v 0.267975 0.175103 -0.192081
v 0.267975 1.575607 -0.192081
v 0.136612 0.175103 -0.152233
v 0.136612 1.575607 -0.152233
v 0.000000 0.175103 -0.138778
v 0.000000 1.575607 -0.138778
v -0.136612 0.175103 -0.152233
v -0.136612 1.575607 -0.152233
v -0.267975 0.175103 -0.192081
v -0.267975 1.575607 -0.192081
v -0.389039 0.175103 -0.256791
v -0.389039 1.575607 -0.256791
v -0.495153 0.175103 -0.343877
v -0.495153 1.575607 -0.343877
v -0.582238 0.175103 -0.449990
v -0.582238 1.575607 -0.449990
v -0.646948 0.175103 -0.571055
v -0.646948 1.575607 -0.571055
v -0.686797 0.175103 -0.702417
v -0.686797 1.575607 -0.702417
v -0.700252 0.175103 -0.839030
v -0.700252 1.575607 -0.839030
v -0.686797 0.175103 -0.975642
v -0.686797 1.575607 -0.975642
v -0.646948 0.175103 -1.107004
v -0.646948 1.575607 -1.107004
v -0.582238 0.175103 -1.228069
v -0.582238 1.575607 -1.228069
v -0.495153 0.175103 -1.334183
v -0.495153 1.575607 -1.334183
v -0.389039 0.175103 -1.421268
v -0.389039 1.575607 -1.421268
v -0.267975 0.175103 -1.485978
v -0.267975 1.575607 -1.485978
v -0.136612 0.175103 -1.525826
v -0.136612 1.575607 -1.525826
v 0.122459 3.986843 -1.454673
v 0.000000 3.986843 -1.466734
v 0.240212 3.986843 -1.418953
v 0.348734 3.986843 -1.360947
v 0.443854 3.986843 -1.282884
v 0.521918 3.986843 -1.187764
v 0.579924 3.986843 -1.079242
v 0.615644 3.986843 -0.961489
v 0.627705 3.986843 -0.839030
v 0.615644 3.986843 -0.716570
v 0.579924 3.986843 -0.598817
v 0.521918 3.986843 -0.490295
v 0.443854 3.986843 -0.395175
v 0.348734 3.986843 -0.317112
v 0.240212 3.986843 -0.259106
v 0.122459 3.986843 -0.223386
v 0.000000 3.986843 -0.211325
v -0.122459 3.986843 -0.223386
v -0.240212 3.986843 -0.259106
v -0.348734 3.986843 -0.317112
v -0.443854 3.986843 -0.395175
v -0.521918 3.986843 -0.490295
v -0.579924 3.986843 -0.598817
v -0.615644 3.986843 -0.716570
v -0.627705 3.986843 -0.839030
v -0.615644 3.986843 -0.961489
v -0.579924 3.986843 -1.079242
v -0.521918 3.986843 -1.187764
v -0.443854 3.986843 -1.282884
v -0.348734 3.986843 -1.360947
v -0.240212 3.986843 -1.418953
v -0.122459 3.986843 -1.454673
v 0.064712 4.748787 -1.164357
v 0.000000 4.748787 -1.170730
v 0.126937 4.748787 -1.145481
v 0.184283 4.748787 -1.114829
v 0.234548 4.748787 -1.073578
v 0.275799 4.748787 -1.023313
v 0.306452 4.748787 -0.965966
v 0.325327 4.748787 -0.903741
v 0.331701 4.748787 -0.839030
v 0.325327 4.748787 -0.774318
v 0.306452 4.748787 -0.712093
v 0.275799 4.748787 -0.654746
v 0.234548 4.748787 -0.604482
v 0.184283 4.748787 -0.563230
v 0.126937 4.748787 -0.532578
v 0.064712 4.748787 -0.513702
v 0.000000 4.748787 -0.507329
v -0.064712 4.748787 -0.513702
v -0.126936 4.748787 -0.532578
v -0.184283 4.748787 -0.563230
v -0.234548 4.748787 -0.604482
v -0.275799 4.748787 -0.654746
v -0.306452 4.748787 -0.712093
v -0.325327 4.748787 -0.774318
v -0.331701 4.748787 -0.839030
v -0.325327 4.748787 -0.903741
v -0.306452 4.748787 -0.965966
v -0.275799 4.748787 -1.023313
v -0.234548 4.748787 -1.073578
v -0.184283 4.748787 -1.114829
v -0.126936 4.748787 -1.145481
v -0.064712 4.748787 -1.164357
v 0.023533 4.856612 -1.077963
v 0.069694 4.856612 -1.068781
v 0.113178 4.856612 -1.050770
v 0.152311 4.856612 -1.024621
v 0.185592 4.856612 -0.991341
v 0.211740 4.856612 -0.952207
v 0.229752 4.856612 -0.908724
v 0.238934 4.856612 -0.862562
v 0.238934 4.856612 -0.815497
v 0.229752 4.856612 -0.769335
v 0.211740 4.856612 -0.725852
v 0.185592 4.856612 -0.686718
v 0.152311 4.856612 -0.653438
v 0.113178 4.856612 -0.627289
v 0.069694 4.856612 -0.609278
v 0.023533 4.856612 -0.600096
v -0.023533 4.856612 -0.600096
v -0.069694 4.856612 -0.609278
v -0.113177 4.856612 -0.627289
v -0.152311 4.856612 -0.653438
v -0.185592 4.856612 -0.686718
v -0.211740 4.856612 -0.725852
v -0.229751 4.856612 -0.769335
v -0.238933 4.856612 -0.815497
v -0.238933 4.856612 -0.862562
v -0.229751 4.856612 -0.908724
v -0.211740 4.856612 -0.952207
v -0.185592 4.856612 -0.991341
v -0.152311 4.856612 -1.024621
v -0.113177 4.856612 -1.050770
v -0.069694 4.856612 -1.068781
v -0.023533 4.856612 -1.077963
vn 0.0980 -0.0000 -0.9952
vn 0.2903 -0.0000 -0.9569
vn 0.4714 -0.0000 -0.8819
vn 0.6344 -0.0000 -0.7730
vn 0.7730 -0.0000 -0.6344
vn 0.8819 -0.0000 -0.4714
vn 0.9569 -0.0000 -0.2903
vn 0.9952 -0.0000 -0.0980
vn 0.9952 -0.0000 0.0980
vn 0.9569 -0.0000 0.2903
vn 0.8819 -0.0000 0.4714
vn 0.7730 -0.0000 0.6344
vn 0.6344 -0.0000 0.7730
vn 0.4714 -0.0000 0.8819
vn 0.2903 -0.0000 0.9569
vn 0.0980 -0.0000 0.9952
vn -0.0980 -0.0000 0.9952
vn -0.2903 -0.0000 0.9569
vn -0.4714 -0.0000 0.8819
vn -0.6344 -0.0000 0.7730
vn -0.7730 -0.0000 0.6344
vn -0.8819 -0.0000 0.4714
vn -0.9569 -0.0000 0.2903
vn -0.9952 -0.0000 0.0980
vn -0.9952 -0.0000 -0.0980
vn -0.9569 -0.0000 -0.2903
vn -0.8819 -0.0000 -0.4714
vn -0.7730 -0.0000 -0.6344
vn -0.6344 -0.0000 -0.7730
vn -0.4714 -0.0000 -0.8819
vn 0.2902 0.0299 -0.9565
vn -0.2903 -0.0000 -0.9569
vn -0.0980 -0.0000 -0.9952
vn -0.0000 -1.0000 -0.0000
vn -0.2974 0.3350 -0.8940
vn 0.8815 0.0299 0.4712
vn -0.6341 0.0299 0.7727
vn -0.6341 0.0299 -0.7727
vn 0.9565 0.0299 -0.2902
vn 0.0980 0.0299 0.9947
vn -0.9947 0.0299 -0.0980
vn 0.4712 0.0299 -0.8815
vn 0.7727 0.0299 0.6341
vn -0.7727 0.0299 0.6341
vn -0.4712 0.0299 -0.8815
vn 0.9947 0.0299 -0.0980
vn -0.0980 0.0299 0.9947
vn -0.9565 0.0299 -0.2902
vn 0.6341 0.0299 -0.7727
vn 0.6341 0.0299 0.7727
vn -0.8815 0.0299 0.4712
vn -0.2902 0.0299 -0.9565
vn 0.9947 0.0299 0.0980
vn -0.2902 0.0299 0.9565
vn -0.8815 0.0299 -0.4712
vn 0.7727 0.0299 -0.6341
vn 0.4712 0.0299 0.8815
vn -0.9565 0.0299 0.2902
vn 0.0980 0.0299 -0.9947
vn -0.0980 0.0299 -0.9947
vn 0.9565 0.0299 0.2902
vn -0.4712 0.0299 0.8815
vn -0.7727 0.0299 -0.6341
vn 0.8815 0.0299 -0.4712
vn 0.2902 0.0299 0.9565
vn -0.9947 0.0299 0.0980
vn -0.0000 1.0000 -0.0000
vn -0.9086 0.3350 -0.2494
vn 0.6169 0.3350 0.7122
vn -0.1173 0.3350 -0.9349
vn -0.8425 0.3350 -0.4219
vn 0.4661 0.3350 0.8188
vn 0.0674 0.3350 -0.9398
vn -0.7440 0.3350 -0.5781
vn 0.2974 0.3350 0.8940
vn 0.2494 0.3350 -0.9086
vn 0.1173 0.3350 0.9349
vn 0.4219 0.3350 -0.8425
vn -0.0674 0.3350 0.9398
vn 0.5781 0.3350 -0.7440
vn -0.2494 0.3350 0.9086
vn 0.7122 0.3350 -0.6169
vn -0.4219 0.3350 0.8425
vn 0.8188 0.3350 -0.4661
vn -0.5781 0.3350 0.7440
vn 0.8940 0.3350 -0.2974
vn -0.7122 0.3350 0.6169
vn 0.9349 0.3350 -0.1173
vn -0.8188 0.3350 0.4661
vn 0.9398 0.3350 0.0674
vn -0.8940 0.3350 0.2974
vn 0.9086 0.3350 0.2494
vn -0.6169 0.3350 -0.7122
vn -0.9349 0.3350 0.1173
vn 0.8425 0.3350 0.4219
vn -0.4661 0.3350 -0.8188
vn -0.9398 0.3350 -0.0674
vn 0.7440 0.3350 0.5781
vn 0.4397 0.3606 -0.8226
vn 0.9862 0.1610 -0.0400
vn 0.1479 0.6522 -0.7435
vn -0.0000 0.6522 -0.7581
vn -0.1479 0.6522 -0.7435
vn -0.2901 0.6522 -0.7003
vn -0.4212 0.6522 -0.6303
vn -0.5360 0.6522 -0.5360
vn -0.6303 0.6522 -0.4212
vn -0.7003 0.6522 -0.2901
vn -0.7435 0.6522 -0.1479
vn -0.7581 0.6522 -0.0000
vn -0.7435 0.6522 0.1479
vn -0.7003 0.6522 0.2901
vn -0.6303 0.6522 0.4212
vn -0.5360 0.6522 0.5360
vn -0.4212 0.6522 0.6303
vn -0.2901 0.6522 0.7004
vn -0.1479 0.6522 0.7435
vn -0.0000 0.6522 0.7581
vn 0.1479 0.6522 0.7435
vn 0.2901 0.6522 0.7003
vn 0.4212 0.6522 0.6303
vn 0.5360 0.6522 0.5360
vn 0.6303 0.6522 0.4212
vn 0.7003 0.6522 0.2901
vn 0.7435 0.6522 0.1479
vn 0.7581 0.6522 -0.0000
vn 0.7435 0.6522 -0.1479
vn 0.7003 0.6522 -0.2901
vn 0.6303 0.6522 -0.4212
vn 0.5360 0.6522 -0.5360
vn 0.4212 0.6522 -0.6303
vn 0.2901 0.6522 -0.7004
vn -0.0001 1.0000 -0.0000
vn 0.0001 1.0000 -0.0000
vn -0.4397 0.3606 -0.8226
vn 0.5146 0.1610 -0.8422
vn -0.0914 0.3606 0.9282
vn -0.8958 0.1610 0.4143
vn 0.5917 0.3606 -0.7210
vn 0.9750 0.1610 0.1532
vn -0.2708 0.3606 -0.8926
vn 0.6690 0.1610 -0.7256
vn -0.2708 0.3606 0.8926
vn -0.9594 0.1610 0.2316
vn 0.7210 0.3606 -0.5917
vn 0.9264 0.1610 0.3404
vn -0.0914 0.3606 -0.9282
vn 0.7977 0.1610 -0.5811
vn -0.4397 0.3606 0.8226
vn -0.9862 0.1610 0.0400
vn 0.8226 0.3606 -0.4397
vn 0.8422 0.1610 0.5146
vn -0.5917 0.3606 0.7210
vn -0.9750 0.1610 -0.1532
vn 0.8926 0.3606 -0.2708
vn 0.7256 0.1610 0.6690
vn -0.7210 0.3606 0.5917
vn -0.9264 0.1610 -0.3404
vn 0.9282 0.3606 -0.0914
vn 0.5811 0.1610 0.7977
vn -0.8226 0.3606 0.4397
vn -0.8422 0.1610 -0.5146
vn 0.9282 0.3606 0.0914
vn 0.4143 0.1610 0.8958
vn -0.8926 0.3606 0.2708
vn -0.7256 0.1610 -0.6690
vn 0.8926 0.3606 0.2708
vn 0.2316 0.1610 0.9594
vn -0.9282 0.3606 0.0914
vn -0.5811 0.1610 -0.7977
vn 0.8226 0.3606 0.4397
vn 0.0400 0.1610 0.9862
vn -0.9282 0.3606 -0.0914
vn -0.4143 0.1610 -0.8958
vn 0.7210 0.3606 0.5917
vn -0.1532 0.1610 0.9750
vn -0.8926 0.3606 -0.2708
vn -0.2316 0.1610 -0.9594
vn 0.5917 0.3606 0.7210
vn -0.3404 0.1610 0.9264
vn -0.8226 0.3606 -0.4397
vn -0.0400 0.1610 -0.9862
vn 0.4397 0.3606 0.8226
vn -0.5146 0.1610 0.8422
vn 0.0914 0.3606 -0.9282
vn 0.8958 0.1610 -0.4143
vn -0.7210 0.3606 -0.5917
vn 0.1532 0.1610 -0.9750
vn 0.2708 0.3606 0.8926
vn -0.6690 0.1610 0.7256
vn 0.2708 0.3606 -0.8926
vn 0.9594 0.1610 -0.2316
vn -0.5917 0.3606 -0.7210
vn 0.3404 0.1610 -0.9264
vn 0.0914 0.3606 0.9282
vn -0.7977 0.1610 0.5811
vt 1.000000 1.000000
vt 0.968750 0.500000
vt 1.000000 0.500000
vt 0.968750 1.000000
vt 0.937500 0.500000
vt 0.937500 1.000000
vt 0.906250 0.500000
vt 0.906250 1.000000
vt 0.875000 0.500000
vt 0.875000 1.000000
vt 0.843750 0.500000
vt 0.843750 1.000000
vt 0.812500 0.500000
vt 0.812500 1.000000
vt 0.781250 0.500000
vt 0.781250 1.000000
vt 0.750000 0.500000
vt 0.750000 1.000000
vt 0.718750 0.500000
vt 0.718750 1.000000
vt 0.687500 0.500000
vt 0.687500 1.000000
vt 0.656250 0.500000
vt 0.656250 1.000000
vt 0.625000 0.500000
vt 0.625000 1.000000
vt 0.593750 0.500000
vt 0.593750 1.000000
vt 0.562500 0.500000
vt 0.562500 1.000000
vt 0.531250 0.500000
vt 0.531250 1.000000
vt 0.500000 0.500000
vt 0.500000 1.000000
vt 0.468750 0.500000
vt 0.468750 1.000000
vt 0.437500 0.500000
vt 0.437500 1.000000
vt 0.406250 0.500000
vt 0.406250 1.000000
vt 0.375000 0.500000
vt 0.375000 1.000000
vt 0.343750 0.500000
vt 0.343750 1.000000
vt 0.312500 0.500000
vt 0.312500 1.000000
vt 0.281250 0.500000
vt 0.281250 1.000000
vt 0.250000 0.500000
vt 0.250000 1.000000
vt 0.218750 0.500000
vt 0.218750 1.000000
vt 0.187500 0.500000
vt 0.187500 1.000000
vt 0.156250 0.500000
vt 0.156250 1.000000
vt 0.125000 0.500000
vt 0.125000 1.000000
vt 0.093750 0.500000
vt 0.093750 1.000000
vt 0.062500 0.500000
vt 0.062500 1.000000
vt 0.031250 0.500000
vt 0.031250 1.000000
vt 0.000000 0.500000
vt 0.796822 0.014612
vt 0.514612 0.203178
vt 0.703178 0.485388
vt 0.921875 1.000000
vt 0.000000 1.000000
vt 0.180667 0.021440
vt 0.478560 0.180667
vt 0.319333 0.478560
vt 0.078125 1.000000
vt 0.484375 1.000000
vt 0.890625 1.000000
vt 0.046875 1.000000
vt 0.453125 1.000000
vt 0.859375 1.000000
vt 0.015625 1.000000
vt 0.421875 1.000000
vt 0.828125 1.000000
vt 0.390625 1.000000
vt 0.796875 1.000000
vt 0.359375 1.000000
vt 0.765625 1.000000
vt 0.328125 1.000000
vt 0.734375 1.000000
vt 0.296875 1.000000
vt 0.703125 1.000000
vt 0.265625 1.000000
vt 0.671875 1.000000
vt 0.234375 1.000000
vt 0.640625 1.000000
vt 0.203125 1.000000
vt 0.609375 1.000000
vt 0.171875 1.000000
vt 0.578125 1.000000
vt 0.984375 1.000000
vt 0.140625 1.000000
vt 0.546875 1.000000
vt 0.953125 1.000000
vt 0.109375 1.000000
vt 0.515625 1.000000
vt 0.750000 0.490000
vt 0.796822 0.485388
vt 0.841844 0.471731
vt 0.883337 0.449553
vt 0.919706 0.419706
vt 0.949553 0.383337
vt 0.971731 0.341844
vt 0.985388 0.296822
vt 0.990000 0.250000
vt 0.985388 0.203178
vt 0.971731 0.158156
vt 0.949553 0.116663
vt 0.919706 0.080294
vt 0.883337 0.050447
vt 0.841844 0.028269
vt 0.750000 0.010000
vt 0.703178 0.014612
vt 0.658156 0.028269
vt 0.616663 0.050447
vt 0.580294 0.080294
vt 0.550447 0.116663
vt 0.528269 0.158156
vt 0.510000 0.250000
vt 0.514612 0.296822
vt 0.528269 0.341844
vt 0.550447 0.383337
vt 0.580294 0.419706
vt 0.616663 0.449553
vt 0.658156 0.471731
vt 0.296822 0.485388
vt 0.273411 0.487694
vt 0.250000 0.490000
vt 0.226589 0.487694
vt 0.203178 0.485388
vt 0.180667 0.478560
vt 0.158156 0.471731
vt 0.137410 0.460642
vt 0.116663 0.449553
vt 0.098479 0.434629
vt 0.080294 0.419706
vt 0.065371 0.401521
vt 0.050447 0.383337
vt 0.039358 0.362590
vt 0.028269 0.341844
vt 0.021440 0.319333
vt 0.014612 0.296822
vt 0.012306 0.273411
vt 0.010000 0.250000
vt 0.012306 0.226589
vt 0.014612 0.203178
vt 0.021440 0.180667
vt 0.028269 0.158156
vt 0.039358 0.137410
vt 0.050447 0.116663
vt 0.065371 0.098479
vt 0.080294 0.080294
vt 0.098479 0.065371
vt 0.116663 0.050447
vt 0.137410 0.039358
vt 0.158156 0.028269
vt 0.203178 0.014612
vt 0.226589 0.012306
vt 0.250000 0.010000
vt 0.273411 0.012306
vt 0.296822 0.014612
vt 0.319333 0.021440
vt 0.341844 0.028269
vt 0.362590 0.039358
vt 0.383337 0.050447
vt 0.401521 0.065371
vt 0.419706 0.080294
vt 0.434629 0.098479
vt 0.449553 0.116663
vt 0.460642 0.137410
vt 0.471731 0.158156
vt 0.485388 0.203178
vt 0.487694 0.226589
vt 0.490000 0.250000
vt 0.487694 0.273411
vt 0.485388 0.296822
vt 0.478560 0.319333
vt 0.471731 0.341844
vt 0.460642 0.362590
vt 0.449553 0.383337
vt 0.434629 0.401521
vt 0.419706 0.419706
vt 0.401521 0.434629
vt 0.383337 0.449553
vt 0.362590 0.460642
vt 0.341844 0.471731
s 0
f 966/1119/1061 967/1120/1061 965/1121/1061
f 968/1122/1062 969/1123/1062 967/1120/1062
f 970/1124/1063 971/1125/1063 969/1123/1063
f 972/1126/1064 973/1127/1064 971/1125/1064
f 974/1128/1065 975/1129/1065 973/1127/1065
f 976/1130/1066 977/1131/1066 975/1129/1066
f 978/1132/1067 979/1133/1067 977/1131/1067
f 980/1134/1068 981/1135/1068 979/1133/1068
f 982/1136/1069 983/1137/1069 981/1135/1069
f 984/1138/1070 985/1139/1070 983/1137/1070
f 986/1140/1071 987/1141/1071 985/1139/1071
f 988/1142/1072 989/1143/1072 987/1141/1072
f 990/1144/1073 991/1145/1073 989/1143/1073
f 992/1146/1074 993/1147/1074 991/1145/1074
f 994/1148/1075 995/1149/1075 993/1147/1075
f 996/1150/1076 997/1151/1076 995/1149/1076
f 998/1152/1077 999/1153/1077 997/1151/1077
f 1000/1154/1078 1001/1155/1078 999/1153/1078
f 1002/1156/1079 1003/1157/1079 1001/1155/1079
f 1004/1158/1080 1005/1159/1080 1003/1157/1080
f 1006/1160/1081 1007/1161/1081 1005/1159/1081
f 1008/1162/1082 1009/1163/1082 1007/1161/1082
f 1010/1164/1083 1011/1165/1083 1009/1163/1083
f 1012/1166/1084 1013/1167/1084 1011/1165/1084
f 1014/1168/1085 1015/1169/1085 1013/1167/1085
f 1016/1170/1086 1017/1171/1086 1015/1169/1086
f 1018/1172/1087 1019/1173/1087 1017/1171/1087
f 1020/1174/1088 1021/1175/1088 1019/1173/1088
f 1022/1176/1089 1023/1177/1089 1021/1175/1089
f 1024/1178/1090 1025/1179/1090 1023/1177/1090
f 968/1122/1091 1031/1124/1091 970/1124/1091
f 1026/1180/1092 1027/1181/1092 1025/1179/1092
f 1028/1182/1093 965/1183/1093 1027/1181/1093
f 995/1184/1094 1011/1185/1094 1027/1186/1094
f 1031/1124/1095 1095/1187/1095 1064/1126/1095
f 986/1140/1096 1040/1142/1096 988/1142/1096
f 1004/1158/1097 1049/1160/1097 1006/1160/1097
f 1022/1176/1098 1058/1178/1098 1024/1178/1098
f 978/1132/1099 1036/1134/1099 980/1134/1099
f 996/1150/1100 1045/1152/1100 998/1152/1100
f 1014/1168/1101 1054/1170/1101 1016/1170/1101
f 970/1124/1102 1032/1126/1102 972/1126/1102
f 988/1142/1103 1041/1144/1103 990/1144/1103
f 1006/1160/1104 1050/1162/1104 1008/1162/1104
f 1024/1178/1105 1059/1180/1105 1026/1180/1105
f 980/1134/1106 1037/1136/1106 982/1136/1106
f 998/1152/1107 1046/1154/1107 1000/1154/1107
f 1016/1170/1108 1055/1172/1108 1018/1172/1108
f 972/1126/1109 1033/1128/1109 974/1128/1109
f 990/1144/1110 1042/1146/1110 992/1146/1110
f 1008/1162/1111 1051/1164/1111 1010/1164/1111
f 1026/1180/1112 1060/1182/1112 1028/1182/1112
f 982/1136/1113 1038/1138/1113 984/1138/1113
f 1000/1154/1114 1047/1156/1114 1002/1156/1114
f 1018/1172/1115 1056/1174/1115 1020/1174/1115
f 974/1128/1116 1034/1130/1116 976/1130/1116
f 992/1146/1117 1043/1148/1117 994/1148/1117
f 1010/1164/1118 1052/1166/1118 1012/1166/1118
f 966/1119/1119 1029/1122/1119 968/1122/1119
f 1028/1182/1120 1030/1188/1120 966/1188/1120
f 984/1138/1121 1039/1140/1121 986/1140/1121
f 1002/1156/1122 1048/1158/1122 1004/1158/1122
f 1020/1174/1123 1057/1176/1123 1022/1176/1123
f 976/1130/1124 1035/1132/1124 978/1132/1124
f 994/1148/1125 1044/1150/1125 996/1150/1125
f 1012/1166/1126 1053/1168/1126 1014/1168/1126
f 1110/1189/1127 1102/1190/1127 1094/1191/1127
f 1058/1178/1128 1122/1192/1128 1091/1180/1128
f 1045/1152/1129 1109/1193/1129 1078/1154/1129
f 1032/1126/1130 1096/1194/1130 1065/1128/1130
f 1059/1180/1131 1123/1195/1131 1092/1182/1131
f 1046/1154/1132 1110/1196/1132 1079/1156/1132
f 1033/1128/1133 1097/1197/1133 1066/1130/1133
f 1060/1182/1134 1124/1198/1134 1062/1188/1134
f 1047/1156/1135 1111/1199/1135 1080/1158/1135
f 1034/1130/1136 1098/1200/1136 1067/1132/1136
f 1048/1158/1137 1112/1201/1137 1081/1160/1137
f 1035/1132/1138 1099/1202/1138 1068/1134/1138
f 1049/1160/1139 1113/1203/1139 1082/1162/1139
f 1036/1134/1140 1100/1204/1140 1069/1136/1140
f 1050/1162/1141 1114/1205/1141 1083/1164/1141
f 1037/1136/1142 1101/1206/1142 1070/1138/1142
f 1051/1164/1143 1115/1207/1143 1084/1166/1143
f 1038/1138/1144 1102/1208/1144 1071/1140/1144
f 1052/1166/1145 1116/1209/1145 1085/1168/1145
f 1039/1140/1146 1103/1210/1146 1072/1142/1146
f 1053/1168/1147 1117/1211/1147 1086/1170/1147
f 1040/1142/1148 1104/1212/1148 1073/1144/1148
f 1054/1170/1149 1118/1213/1149 1087/1172/1149
f 1041/1144/1150 1105/1214/1150 1074/1146/1150
f 1055/1172/1151 1119/1215/1151 1088/1174/1151
f 1042/1146/1152 1106/1216/1152 1075/1148/1152
f 1030/1119/1153 1093/1217/1153 1061/1122/1153
f 1056/1174/1154 1120/1218/1154 1089/1176/1154
f 1043/1148/1155 1107/1219/1155 1076/1150/1155
f 1029/1122/1156 1094/1220/1156 1063/1124/1156
f 1057/1176/1157 1121/1221/1157 1090/1178/1157
f 1044/1150/1158 1108/1222/1158 1077/1152/1158
f 966/1119/1061 968/1122/1061 967/1120/1061
f 968/1122/1062 970/1124/1062 969/1123/1062
f 970/1124/1063 972/1126/1063 971/1125/1063
f 972/1126/1064 974/1128/1064 973/1127/1064
f 974/1128/1065 976/1130/1065 975/1129/1065
f 976/1130/1066 978/1132/1066 977/1131/1066
f 978/1132/1067 980/1134/1067 979/1133/1067
f 980/1134/1068 982/1136/1068 981/1135/1068
f 982/1136/1069 984/1138/1069 983/1137/1069
f 984/1138/1070 986/1140/1070 985/1139/1070
f 986/1140/1071 988/1142/1071 987/1141/1071
f 988/1142/1072 990/1144/1072 989/1143/1072
f 990/1144/1073 992/1146/1073 991/1145/1073
f 992/1146/1074 994/1148/1074 993/1147/1074
f 994/1148/1075 996/1150/1075 995/1149/1075
f 996/1150/1076 998/1152/1076 997/1151/1076
f 998/1152/1077 1000/1154/1077 999/1153/1077
f 1000/1154/1078 1002/1156/1078 1001/1155/1078
f 1002/1156/1079 1004/1158/1079 1003/1157/1079
f 1004/1158/1080 1006/1160/1080 1005/1159/1080
f 1006/1160/1081 1008/1162/1081 1007/1161/1081
f 1008/1162/1082 1010/1164/1082 1009/1163/1082
f 1010/1164/1083 1012/1166/1083 1011/1165/1083
f 1012/1166/1084 1014/1168/1084 1013/1167/1084
f 1014/1168/1085 1016/1170/1085 1015/1169/1085
f 1016/1170/1086 1018/1172/1086 1017/1171/1086
f 1018/1172/1087 1020/1174/1087 1019/1173/1087
f 1020/1174/1088 1022/1176/1088 1021/1175/1088
f 1022/1176/1089 1024/1178/1089 1023/1177/1089
f 1024/1178/1090 1026/1180/1090 1025/1179/1090
f 968/1122/1091 1029/1122/1091 1031/1124/1091
f 1026/1180/1092 1028/1182/1092 1027/1181/1092
f 1028/1182/1093 966/1188/1093 965/1183/1093
f 1027/1186/1094 965/1223/1094 967/1224/1094
f 967/1224/1094 969/1225/1094 971/1226/1094
f 971/1226/1094 973/1227/1094 975/1228/1094
f 975/1228/1094 977/1229/1094 979/1230/1094
f 979/1230/1094 981/1231/1094 983/1232/1094
f 983/1232/1094 985/1233/1094 987/1234/1094
f 987/1234/1094 989/1235/1094 991/1236/1094
f 991/1236/1094 993/1237/1094 995/1184/1094
f 995/1184/1094 997/1238/1094 999/1239/1094
f 999/1239/1094 1001/1240/1094 1003/1241/1094
f 1003/1241/1094 1005/1242/1094 1007/1243/1094
f 1007/1243/1094 1009/1244/1094 1011/1185/1094
f 1011/1185/1094 1013/1245/1094 1015/1246/1094
f 1015/1246/1094 1017/1247/1094 1019/1248/1094
f 1019/1248/1094 1021/1249/1094 1023/1250/1094
f 1023/1250/1094 1025/1251/1094 1027/1186/1094
f 1027/1186/1094 967/1224/1094 971/1226/1094
f 971/1226/1094 975/1228/1094 979/1230/1094
f 979/1230/1094 983/1232/1094 987/1234/1094
f 987/1234/1094 991/1236/1094 995/1184/1094
f 995/1184/1094 999/1239/1094 1003/1241/1094
f 1003/1241/1094 1007/1243/1094 1011/1185/1094
f 1011/1185/1094 1015/1246/1094 1019/1248/1094
f 1019/1248/1094 1023/1250/1094 1027/1186/1094
f 1027/1186/1094 971/1226/1094 979/1230/1094
f 979/1230/1094 987/1234/1094 995/1184/1094
f 995/1184/1094 1003/1241/1094 1011/1185/1094
f 1011/1185/1094 1019/1248/1094 1027/1186/1094
f 1027/1186/1094 979/1230/1094 995/1184/1094
f 1064/1126/1159 1032/1126/1159 1031/1124/1159
f 1031/1124/1160 1063/1124/1160 1095/1187/1160
f 986/1140/1096 1039/1140/1096 1040/1142/1096
f 1004/1158/1097 1048/1158/1097 1049/1160/1097
f 1022/1176/1098 1057/1176/1098 1058/1178/1098
f 978/1132/1099 1035/1132/1099 1036/1134/1099
f 996/1150/1100 1044/1150/1100 1045/1152/1100
f 1014/1168/1101 1053/1168/1101 1054/1170/1101
f 970/1124/1102 1031/1124/1102 1032/1126/1102
f 988/1142/1103 1040/1142/1103 1041/1144/1103
f 1006/1160/1104 1049/1160/1104 1050/1162/1104
f 1024/1178/1105 1058/1178/1105 1059/1180/1105
f 980/1134/1106 1036/1134/1106 1037/1136/1106
f 998/1152/1107 1045/1152/1107 1046/1154/1107
f 1016/1170/1108 1054/1170/1108 1055/1172/1108
f 972/1126/1109 1032/1126/1109 1033/1128/1109
f 990/1144/1110 1041/1144/1110 1042/1146/1110
f 1008/1162/1111 1050/1162/1111 1051/1164/1111
f 1026/1180/1112 1059/1180/1112 1060/1182/1112
f 982/1136/1113 1037/1136/1113 1038/1138/1113
f 1000/1154/1114 1046/1154/1114 1047/1156/1114
f 1018/1172/1115 1055/1172/1115 1056/1174/1115
f 974/1128/1116 1033/1128/1116 1034/1130/1116
f 992/1146/1117 1042/1146/1117 1043/1148/1117
f 1010/1164/1118 1051/1164/1118 1052/1166/1118
f 966/1119/1119 1030/1119/1119 1029/1122/1119
f 1028/1182/1120 1060/1182/1120 1030/1188/1120
f 984/1138/1121 1038/1138/1121 1039/1140/1121
f 1002/1156/1122 1047/1156/1122 1048/1158/1122
f 1020/1174/1123 1056/1174/1123 1057/1176/1123
f 976/1130/1124 1034/1130/1124 1035/1132/1124
f 994/1148/1125 1043/1148/1125 1044/1150/1125
f 1012/1166/1126 1052/1166/1126 1053/1168/1126
f 1094/1191/1161 1061/1252/1161 1093/1253/1161
f 1093/1253/1162 1062/1254/1162 1124/1255/1162
f 1124/1255/1163 1092/1256/1163 1123/1257/1163
f 1123/1257/1164 1091/1258/1164 1122/1259/1164
f 1122/1259/1165 1090/1260/1165 1121/1261/1165
f 1121/1261/1166 1089/1262/1166 1120/1263/1166
f 1120/1263/1167 1088/1264/1167 1119/1265/1167
f 1119/1265/1168 1087/1266/1168 1118/1267/1168
f 1118/1267/1169 1086/1268/1169 1117/1269/1169
f 1117/1269/1170 1085/1270/1170 1116/1271/1170
f 1116/1271/1171 1084/1272/1171 1115/1273/1171
f 1115/1273/1172 1083/1274/1172 1114/1275/1172
f 1114/1275/1173 1082/1276/1173 1113/1277/1173
f 1113/1277/1174 1081/1278/1174 1112/1279/1174
f 1112/1279/1175 1080/1280/1175 1111/1281/1175
f 1111/1281/1176 1079/1282/1176 1110/1189/1176
f 1110/1189/1177 1078/1283/1177 1109/1284/1177
f 1109/1284/1178 1077/1285/1178 1108/1286/1178
f 1108/1286/1179 1076/1287/1179 1107/1288/1179
f 1107/1288/1180 1075/1289/1180 1106/1290/1180
f 1106/1290/1181 1074/1291/1181 1105/1292/1181
f 1105/1292/1182 1073/1293/1182 1104/1294/1182
f 1104/1294/1183 1072/1295/1183 1103/1296/1183
f 1103/1296/1184 1071/1297/1184 1102/1190/1184
f 1102/1190/1185 1070/1298/1185 1101/1299/1185
f 1101/1299/1186 1069/1300/1186 1100/1301/1186
f 1100/1301/1187 1068/1302/1187 1099/1303/1187
f 1099/1303/1188 1067/1304/1188 1098/1305/1188
f 1098/1305/1189 1066/1306/1189 1097/1307/1189
f 1097/1307/1190 1065/1308/1190 1096/1309/1190
f 1096/1309/1191 1064/1310/1191 1095/1311/1191
f 1095/1311/1192 1063/1312/1192 1094/1191/1192
f 1094/1191/1127 1093/1253/1127 1124/1255/1127
f 1124/1255/1127 1123/1257/1127 1122/1259/1127
f 1122/1259/1193 1121/1261/1193 1120/1263/1193
f 1120/1263/1127 1119/1265/1127 1118/1267/1127
f 1118/1267/1127 1117/1269/1127 1116/1271/1127
f 1116/1271/1193 1115/1273/1193 1114/1275/1193
f 1114/1275/1193 1113/1277/1193 1112/1279/1193
f 1112/1279/1127 1111/1281/1127 1110/1189/1127
f 1110/1189/1127 1109/1284/1127 1108/1286/1127
f 1108/1286/1127 1107/1288/1127 1106/1290/1127
f 1106/1290/1194 1105/1292/1194 1104/1294/1194
f 1104/1294/1127 1103/1296/1127 1102/1190/1127
f 1102/1190/1127 1101/1299/1127 1100/1301/1127
f 1100/1301/1194 1099/1303/1194 1098/1305/1194
f 1098/1305/1194 1097/1307/1194 1096/1309/1194
f 1096/1309/1127 1095/1311/1127 1094/1191/1127
f 1094/1191/1127 1124/1255/1127 1122/1259/1127
f 1122/1259/1127 1120/1263/1127 1118/1267/1127
f 1118/1267/1127 1116/1271/1127 1114/1275/1127
f 1114/1275/1127 1112/1279/1127 1110/1189/1127
f 1110/1189/1127 1108/1286/1127 1106/1290/1127
f 1106/1290/1127 1104/1294/1127 1102/1190/1127
f 1102/1190/1127 1100/1301/1127 1098/1305/1127
f 1098/1305/1127 1096/1309/1127 1094/1191/1127
f 1094/1191/1127 1122/1259/1127 1118/1267/1127
f 1118/1267/1127 1114/1275/1127 1110/1189/1127
f 1110/1189/1127 1106/1290/1127 1102/1190/1127
f 1102/1190/1127 1098/1305/1127 1094/1191/1127
f 1094/1191/1127 1118/1267/1127 1110/1189/1127
f 1091/1180/1195 1059/1180/1195 1058/1178/1195
f 1058/1178/1196 1090/1178/1196 1122/1192/1196
f 1078/1154/1197 1046/1154/1197 1045/1152/1197
f 1045/1152/1198 1077/1152/1198 1109/1193/1198
f 1065/1128/1199 1033/1128/1199 1032/1126/1199
f 1032/1126/1200 1064/1126/1200 1096/1194/1200
f 1092/1182/1201 1060/1182/1201 1059/1180/1201
f 1059/1180/1202 1091/1180/1202 1123/1195/1202
f 1079/1156/1203 1047/1156/1203 1046/1154/1203
f 1046/1154/1204 1078/1154/1204 1110/1196/1204
f 1066/1130/1205 1034/1130/1205 1033/1128/1205
f 1033/1128/1206 1065/1128/1206 1097/1197/1206
f 1062/1188/1207 1030/1188/1207 1060/1182/1207
f 1060/1182/1208 1092/1182/1208 1124/1198/1208
f 1080/1158/1209 1048/1158/1209 1047/1156/1209
f 1047/1156/1210 1079/1156/1210 1111/1199/1210
f 1067/1132/1211 1035/1132/1211 1034/1130/1211
f 1034/1130/1212 1066/1130/1212 1098/1200/1212
f 1081/1160/1213 1049/1160/1213 1048/1158/1213
f 1048/1158/1214 1080/1158/1214 1112/1201/1214
f 1068/1134/1215 1036/1134/1215 1035/1132/1215
f 1035/1132/1216 1067/1132/1216 1099/1202/1216
f 1082/1162/1217 1050/1162/1217 1049/1160/1217
f 1049/1160/1218 1081/1160/1218 1113/1203/1218
f 1069/1136/1219 1037/1136/1219 1036/1134/1219
f 1036/1134/1220 1068/1134/1220 1100/1204/1220
f 1083/1164/1221 1051/1164/1221 1050/1162/1221
f 1050/1162/1222 1082/1162/1222 1114/1205/1222
f 1070/1138/1223 1038/1138/1223 1037/1136/1223
f 1037/1136/1224 1069/1136/1224 1101/1206/1224
f 1084/1166/1225 1052/1166/1225 1051/1164/1225
f 1051/1164/1226 1083/1164/1226 1115/1207/1226
f 1071/1140/1227 1039/1140/1227 1038/1138/1227
f 1038/1138/1228 1070/1138/1228 1102/1208/1228
f 1085/1168/1229 1053/1168/1229 1052/1166/1229
f 1052/1166/1230 1084/1166/1230 1116/1209/1230
f 1072/1142/1231 1040/1142/1231 1039/1140/1231
f 1039/1140/1232 1071/1140/1232 1103/1210/1232
f 1086/1170/1233 1054/1170/1233 1053/1168/1233
f 1053/1168/1234 1085/1168/1234 1117/1211/1234
f 1073/1144/1235 1041/1144/1235 1040/1142/1235
f 1040/1142/1236 1072/1142/1236 1104/1212/1236
f 1087/1172/1237 1055/1172/1237 1054/1170/1237
f 1054/1170/1238 1086/1170/1238 1118/1213/1238
f 1074/1146/1239 1042/1146/1239 1041/1144/1239
f 1041/1144/1240 1073/1144/1240 1105/1214/1240
f 1088/1174/1241 1056/1174/1241 1055/1172/1241
f 1055/1172/1242 1087/1172/1242 1119/1215/1242
f 1075/1148/1243 1043/1148/1243 1042/1146/1243
f 1042/1146/1244 1074/1146/1244 1106/1216/1244
f 1061/1122/1245 1029/1122/1245 1030/1119/1245
f 1030/1119/1246 1062/1119/1246 1093/1217/1246
f 1089/1176/1247 1057/1176/1247 1056/1174/1247
f 1056/1174/1248 1088/1174/1248 1120/1218/1248
f 1076/1150/1249 1044/1150/1249 1043/1148/1249
f 1043/1148/1250 1075/1148/1250 1107/1219/1250
f 1063/1124/1251 1031/1124/1251 1029/1122/1251
f 1029/1122/1252 1061/1122/1252 1094/1220/1252
f 1090/1178/1253 1058/1178/1253 1057/1176/1253
f 1057/1176/1254 1089/1176/1254 1121/1221/1254
f 1077/1152/1255 1045/1152/1255 1044/1150/1255
f 1044/1150/1256 1076/1150/1256 1108/1222/1256
